acousticness,danceability,energy,instrumentalness,key,liveness,loudness,mode,speechiness,tempo,valence,genre
0.932,0.257,0.0906,0.985,8,0.0786,-25.381,1,0.07,67.46,0.0451,ambient
0.995,0.203,0.00136,0.879,5,0.116,-37.927,0,0.0514,68.409,0.0342,ambient
0.856,0.139,0.22,0.831,2,0.17,-19.974,0,0.0324,71.432,0.0789,ambient
0.768,0.0688,0.202,0.909,6,0.152,-18.995,0,0.0388,74.486,0.0369,ambient
0.968,0.163,0.0259,0.89,4,0.0827,-29.215,0,0.0384,68.172,0.0296,ambient
0.817,0.189,0.343,0.916,4,0.0924,-20.314,1,0.0453,141.659,0.0834,ambient
0.976,0.0918,0.0569,0.884,0,0.0842,-31.808,1,0.0358,81.944,0.0528,ambient
0.193,0.8,0.679,0.782,0,0.112,-8.389,1,0.215,122.504,0.207,ambient
0.931,0.0711,0.0183,0.931,2,0.0869,-31.595,0,0.0401,74.375,0.0366,ambient
0.000118,0.403,0.747,0.0433,9,0.101,-6.334,1,0.0323,140.056,0.237,ambient
0.354,0.17,0.4,0.195,1,0.0988,-7.579,1,0.0386,120.354,0.0342,ambient
0.937,0.175,0.143,0.933,3,0.0915,-17.439,0,0.0412,173.33,0.0662,ambient
0.961,0.191,0.0582,0.89,8,0.0941,-25.398,1,0.0578,132.614,0.0454,ambient
0.934,0.447,0.449,0.961,2,0.0697,-10.634,1,0.0376,92.468,0.036,ambient
0.178,0.286,0.0968,0.696,7,0.0861,-16.806,1,0.0323,62.881,0.0395,ambient
0.951,0.18,0.226,0.982,9,0.0998,-16.457,0,0.042,94.079,0.048,ambient
0.927,0.311,0.0173,0.964,9,0.0727,-27.788,0,0.0348,95.985,0.0658,ambient
0.872,0.38,0.246,0.905,7,0.084,-13.955,0,0.0329,133.805,0.0573,ambient
0.994,0.483,0.0176,0.928,7,0.0912,-25.501,0,0.052,76.384,0.2,ambient
0.903,0.273,0.102,0.721,0,0.268,-16.843,0,0.0494,120.378,0.0583,ambient
0.987,0.424,0.0713,0.929,5,0.118,-23.609,0,0.0515,63.648,0.148,ambient
0.971,0.603,0.288,0.841,6,0.0921,-16.301,0,0.0393,123.98,0.196,ambient
0.909,0.14,0.217,0.855,7,0.0689,-15.304,1,0.0352,88.381,0.078,ambient
0.154,0.0652,0.342,0.857,10,0.11,-12.742,0,0.0483,65.602,0.0335,ambient
0.912,0.101,0.338,0.859,6,0.151,-9.502,0,0.0442,81.168,0.0952,ambient
0.982,0.26,0.00397,0.913,2,0.102,-31.095,1,0.0406,82.862,0.0368,ambient
0.932,0.257,0.0906,0.985,8,0.0786,-25.381,1,0.07,67.46,0.0451,ambient
0.995,0.203,0.00136,0.879,5,0.116,-37.927,0,0.0514,68.409,0.0342,ambient
0.976,0.0918,0.0569,0.884,0,0.0842,-31.808,1,0.0358,81.944,0.0528,ambient
0.856,0.139,0.22,0.831,2,0.17,-19.974,0,0.0324,71.432,0.0789,ambient
0.911,0.159,0.071,0.856,6,0.107,-27.109,0,0.0409,146.977,0.0602,ambient
0.971,0.108,0.0419,0.909,9,0.052,-26.441,0,0.0418,69.511,0.0429,ambient
0.315,0.791,0.599,0.928,3,0.111,-13.648,1,0.145,93.988,0.57,ambient
0.342,0.51,0.505,0.96,9,0.117,-13.053,0,0.0344,114.532,0.318,ambient
0.981,0.18,0.0497,0.903,3,0.0637,-30.856,1,0.0359,72.674,0.073,ambient
0.955,0.0629,0.0718,0.907,8,0.0906,-24.789,0,0.0432,67.25,0.0324,ambient
0.168,0.118,0.225,0.772,0,0.0782,-19.356,1,0.043,77.918,0.0377,ambient
0.443,0.293,0.707,0.497,5,0.712,-10.346,1,0.433,99.924,0.0325,ambient
0.674,0.522,0.462,0.969,5,0.11,-11.273,1,0.0335,80.0,0.104,ambient
0.326,0.285,0.55,0.866,9,0.128,-10.988,0,0.0414,89.986,0.0559,ambient
0.813,0.235,0.413,0.929,8,0.0994,-15.958,1,0.0466,132.011,0.118,ambient
0.0101,0.52,0.37,0.849,8,0.0743,-15.211,1,0.0292,144.963,0.0375,ambient
0.968,0.163,0.0259,0.89,4,0.0827,-29.215,0,0.0384,68.172,0.0296,ambient
0.908,0.171,0.0371,0.975,8,0.0792,-32.469,0,0.0386,135.031,0.0437,ambient
0.981,0.0681,0.0126,0.763,6,0.0891,-38.276,1,0.043,74.012,0.0332,ambient
0.965,0.218,0.209,0.824,9,0.0868,-22.497,0,0.0507,132.382,0.0685,ambient
0.877,0.144,0.0621,0.822,7,0.109,-28.247,0,0.0353,72.928,0.0394,ambient
0.0404,0.0598,0.425,0.843,8,0.201,-9.701,0,0.0447,64.075,0.0625,ambient
0.96,0.0815,0.0261,0.97,1,0.105,-20.811,0,0.0425,84.564,0.039,ambient
0.917,0.58,0.854,0.96,1,0.143,-11.925,0,0.0575,114.352,0.0339,ambient
0.909,0.458,0.309,0.956,2,0.118,-14.186,1,0.0283,106.006,0.0556,ambient
0.961,0.389,0.356,0.935,2,0.118,-13.911,1,0.0316,85.656,0.041,ambient
0.989,0.28,0.0557,0.918,6,0.305,-24.887,1,0.0441,114.167,0.157,ambient
0.782,0.0748,0.523,0.866,4,0.0886,-8.069,1,0.0354,74.195,0.0383,ambient
0.0503,0.474,0.711,0.847,2,0.102,-8.104,1,0.0318,90.026,0.182,ambient
0.867,0.217,0.272,0.919,2,0.115,-13.276,1,0.0387,115.049,0.123,ambient
0.994,0.318,0.0129,0.945,9,0.084,-23.844,1,0.0501,76.352,0.0598,ambient
0.944,0.133,0.00091,0.904,1,0.0927,-27.261,1,0.0523,72.314,0.421,ambient
0.474,0.439,0.363,0.952,2,0.106,-10.858,1,0.0263,96.671,0.0444,ambient
0.207,0.0798,0.324,0.169,4,0.638,-10.55,1,0.0306,76.871,0.0366,ambient
0.937,0.239,0.0138,0.916,5,0.13,-32.843,0,0.029,63.171,0.0357,ambient
0.0839,0.607,0.373,0.911,7,0.194,-13.969,0,0.0384,91.011,0.0917,ambient
0.512,0.324,0.615,0.809,11,0.0677,-10.774,1,0.0419,167.951,0.0361,ambient
0.0175,0.772,0.83,0.843,1,0.0919,-14.395,1,0.139,100.055,0.579,ambient
0.954,0.0785,0.0822,0.857,4,0.11,-27.857,1,0.0338,179.959,0.217,ambient
0.105,0.226,0.322,0.836,1,0.609,-16.207,1,0.0334,100.04,0.0395,ambient
0.909,0.219,0.0304,0.938,7,0.149,-35.2,0,0.0375,130.244,0.114,ambient
0.838,0.162,0.00233,0.765,0,0.113,-33.756,1,0.0499,111.318,0.0322,ambient
0.991,0.125,0.0108,0.945,0,0.057,-32.126,1,0.0376,71.332,0.164,ambient
0.994,0.0693,0.00313,0.876,7,0.109,-41.164,0,0.0471,73.878,0.0385,ambient
0.72,0.326,0.162,0.777,1,0.0982,-16.843,1,0.0431,145.84,0.0682,ambient
0.919,0.247,0.0392,0.573,2,0.343,-28.219,1,0.0374,169.606,0.0887,ambient
0.478,0.182,0.0784,0.00263,2,0.137,-26.043,1,0.0389,106.712,0.0817,ambient
0.947,0.109,0.0489,0.887,7,0.283,-28.219,1,0.039,66.937,0.0367,ambient
0.0625,0.176,0.338,0.923,2,0.246,-17.168,1,0.0454,121.995,0.0581,ambient
0.924,0.0748,0.041,0.948,5,0.089,-18.582,1,0.0405,82.531,0.426,ambient
0.989,0.303,0.00926,0.918,11,0.0837,-28.716,0,0.0486,71.406,0.0758,ambient
0.578,0.471,0.295,0.681,4,0.0807,-16.384,1,0.0278,85.01,0.064,ambient
0.931,0.0711,0.0183,0.931,2,0.0869,-31.595,0,0.0401,74.375,0.0366,ambient
0.993,0.282,0.00212,0.964,6,0.104,-36.252,1,0.0491,66.72,0.0803,ambient
0.976,0.163,0.0888,0.912,2,0.117,-24.673,0,0.0399,131.834,0.0381,ambient
0.523,0.436,0.442,0.184,0,0.101,-11.429,1,0.0481,120.283,0.137,ambient
0.98,0.26,0.01,0.843,4,0.131,-32.894,0,0.0359,101.39,0.0349,ambient
0.996,0.558,0.0259,0.871,8,0.0969,-30.016,1,0.0458,157.811,0.37,ambient
0.513,0.71,0.734,0.836,0,0.0701,-14.932,0,0.052,147.98,0.4,ambient
0.42,0.765,0.486,0.876,1,0.332,-14.671,1,0.0724,119.319,0.303,ambient
0.983,0.191,0.00385,0.911,7,0.145,-34.165,1,0.0426,76.153,0.036,ambient
0.956,0.141,0.0851,0.945,7,0.0833,-25.382,1,0.0336,98.748,0.0349,ambient
0.972,0.111,0.255,0.0613,2,0.0739,-11.474,0,0.038,92.183,0.0385,ambient
0.846,0.139,0.397,0.864,11,0.122,-12.687,1,0.0416,79.941,0.0828,ambient
1.53e-05,0.455,0.847,0.817,0,0.379,-8.655,1,0.0321,158.014,0.624,ambient
0.988,0.327,0.00946,0.918,8,0.106,-20.042,1,0.0424,71.946,0.0442,ambient
0.949,0.493,0.175,0.777,10,0.112,-18.049,0,0.036,106.903,0.278,ambient
0.609,0.545,0.547,0.373,0,0.156,-10.142,1,0.0778,100.017,0.167,ambient
0.814,0.321,0.239,0.0408,9,0.141,-24.434,0,0.119,168.727,0.0829,ambient
0.901,0.0638,0.147,0.946,8,0.102,-15.011,0,0.0349,71.558,0.0446,ambient
0.124,0.343,0.256,0.642,7,0.321,-20.002,0,0.0586,114.54,0.0399,ambient
0.592,0.328,0.394,0.894,4,0.414,-11.678,0,0.0365,134.822,0.202,ambient
0.477,0.38,0.271,0.868,9,0.0594,-13.245,0,0.0355,121.594,0.115,ambient
0.407,0.615,0.279,0.923,11,0.143,-18.283,0,0.0447,104.135,0.188,ambient
0.354,0.17,0.4,0.195,1,0.0988,-7.579,1,0.0386,120.354,0.0342,ambient
0.198,0.426,0.228,0.13,2,0.0832,-10.552,1,0.0322,147.994,0.0822,ambient
0.0332,0.162,0.256,0.0923,2,0.0621,-11.296,1,0.0346,108.893,0.0784,ambient
0.177,0.254,0.356,0.895,6,0.115,-6.798,1,0.0328,100.062,0.035,ambient
0.367,0.285,0.322,0.649,6,0.107,-16.58,0,0.0445,133.577,0.138,ambient
0.804,0.468,0.105,0.874,6,0.109,-16.289,0,0.0327,67.168,0.25,ambient
0.154,0.0652,0.342,0.857,10,0.11,-12.742,0,0.0483,65.602,0.0335,ambient
0.995,0.375,0.165,0.901,9,0.105,-21.918,1,0.0676,114.735,0.0581,ambient
0.952,0.16,0.338,0.91,5,0.0969,-17.088,1,0.0369,58.095,0.0574,ambient
0.9,0.169,0.346,0.864,10,0.364,-10.37,0,0.0365,52.008,0.0374,ambient
0.984,0.67,0.013,0.923,6,0.113,-24.009,1,0.468,134.496,0.394,ambient
0.959,0.369,0.102,0.0443,1,0.109,-21.097,0,0.0401,134.261,0.209,ambient
0.709,0.409,0.569,0.843,1,0.13,-19.785,1,0.0823,124.893,0.0949,ambient
0.01,0.661,0.542,0.269,6,0.129,-18.465,0,0.0405,104.99,0.541,ambient
0.0448,0.771,0.669,0.7,7,0.0534,-10.348,0,0.0458,116.12,0.267,ambient
0.00163,0.538,0.728,0.775,10,0.747,-8.653,0,0.0368,111.04,0.492,ambient
0.173,0.554,0.669,0.864,5,0.112,-14.762,0,0.0577,132.995,0.28,ambient
0.00182,0.547,0.579,0.698,11,0.702,-12.448,1,0.0409,115.988,0.282,ambient
0.232,0.723,0.419,0.386,1,0.589,-19.711,1,0.0635,129.004,0.173,ambient
0.00181,0.352,0.575,0.687,8,0.143,-14.853,1,0.0445,124.864,0.431,ambient
0.987,0.425,0.0379,0.907,11,0.0756,-25.247,1,0.0528,80.045,0.0387,ambient
0.0585,0.552,0.877,0.899,1,0.0746,-5.765,1,0.0353,176.05,0.597,ambient
0.331,0.659,0.717,0.911,9,0.127,-7.816,1,0.0318,139.952,0.384,ambient
0.176,0.598,0.813,0.978,9,0.108,-9.578,1,0.0428,120.008,0.381,ambient
0.0212,0.574,0.897,0.904,7,0.0703,-8.435,1,0.0395,125.995,0.193,ambient
0.00442,0.58,0.82,0.956,8,0.0728,-8.179,1,0.0415,120.007,0.321,ambient
0.082,0.553,0.616,0.947,1,0.71,-10.159,1,0.033,150.006,0.286,ambient
0.924,0.351,0.163,0.822,1,0.123,-13.985,1,0.0408,70.579,0.352,ambient
0.00629,0.414,0.498,0.87,1,0.205,-11.945,0,0.0579,106.978,0.37,ambient
0.889,0.448,0.295,0.92,7,0.0977,-19.597,1,0.0359,139.87,0.0693,ambient
0.804,0.063,0.173,0.836,6,0.0863,-26.199,1,0.053,68.963,0.112,ambient
0.993,0.528,0.00779,0.959,1,0.151,-23.281,1,0.091,131.447,0.48,ambient
0.97,0.109,0.119,0.95,4,0.265,-25.935,1,0.0346,68.943,0.0503,ambient
0.323,0.414,0.486,0.861,10,0.121,-9.668,0,0.0721,135.661,0.432,ambient
0.176,0.717,0.561,0.906,1,0.222,-9.087,1,0.139,129.013,0.0675,ambient
0.994,0.335,0.00532,0.912,1,0.0621,-31.646,1,0.0376,65.832,0.0397,ambient
0.912,0.115,0.0858,0.9,10,0.0906,-20.432,0,0.0447,89.296,0.0296,ambient
0.908,0.116,0.0123,0.318,4,0.0944,-32.634,0,0.0484,79.502,0.0385,ambient
0.943,0.0864,0.00922,0.531,5,0.106,-32.924,0,0.0396,85.284,0.0301,ambient
0.929,0.153,0.0136,0.922,0,0.114,-22.72,1,0.0382,105.597,0.0316,ambient
0.92,0.0601,0.00757,0.658,8,0.0614,-42.212,0,0.0455,57.624,0.0305,ambient
0.988,0.166,0.00225,0.946,6,0.108,-37.609,1,0.0507,69.327,0.0541,ambient
0.972,0.142,0.0356,0.925,6,0.098,-28.69,1,0.0411,69.138,0.253,ambient
0.989,0.433,0.0476,0.83,2,0.0754,-27.66,0,0.0347,132.044,0.42,ambient
0.395,0.542,0.722,0.915,1,0.0694,-11.102,1,0.0367,100.01,0.0405,ambient
0.171,0.548,0.532,0.838,7,0.079,-12.246,1,0.0313,99.994,0.038,ambient
0.839,0.327,0.373,0.934,5,0.0871,-15.461,1,0.0774,65.422,0.0513,ambient
0.773,0.541,0.421,0.749,9,0.118,-11.792,0,0.0337,90.002,0.154,ambient
0.761,0.065,0.172,0.72,10,0.383,-22.823,1,0.0412,52.952,0.0357,ambient
0.827,0.165,0.146,0.887,6,0.109,-21.357,1,0.0362,134.508,0.0577,ambient
0.853,0.295,0.264,0.926,7,0.0962,-12.203,1,0.0432,143.191,0.0736,ambient
0.705,0.296,0.463,0.0482,5,0.0954,-11.412,0,0.0449,123.943,0.0629,ambient
0.818,0.114,0.198,0.917,3,0.108,-14.357,1,0.0313,89.535,0.0378,ambient
0.892,0.0642,0.158,0.872,3,0.0929,-16.851,1,0.0324,54.961,0.0298,ambient
0.0302,0.314,0.684,0.22,11,0.219,-6.447,1,0.0327,139.872,0.175,ambient
0.554,0.203,0.467,0.698,9,0.108,-12.296,1,0.0452,135.073,0.0591,ambient
0.487,0.134,0.424,0.902,3,0.201,-9.322,1,0.0393,89.41,0.0995,ambient
0.959,0.319,0.0319,0.583,2,0.134,-19.446,1,0.0452,132.376,0.0812,ambient
0.713,0.161,0.246,0.967,3,0.0967,-13.514,1,0.0369,95.099,0.0368,ambient
0.957,0.247,0.298,0.9,0,0.0943,-15.661,0,0.0395,97.784,0.157,classical
0.764,0.491,0.142,0.74,4,0.248,-17.265,1,0.0361,112.295,0.234,classical
0.994,0.335,0.00532,0.912,1,0.0621,-31.646,1,0.0376,65.832,0.0397,classical
0.993,0.286,0.0144,0.912,1,0.102,-26.525,1,0.041,64.28,0.0365,classical
0.944,0.234,0.227,0.869,11,0.0854,-18.535,1,0.0373,101.636,0.0703,classical
0.984,0.67,0.013,0.923,6,0.113,-24.009,1,0.468,134.496,0.394,classical
0.97,0.426,0.144,0.972,0,0.0677,-19.429,1,0.0355,131.752,0.292,classical
0.924,0.168,0.0698,0.934,2,0.126,-27.22,1,0.0471,112.654,0.047,classical
0.957,0.247,0.298,0.9,0,0.0943,-15.661,0,0.0395,97.784,0.157,classical
0.982,0.137,0.0311,0.972,5,0.0908,-28.208,1,0.0381,179.223,0.063,classical
0.961,0.069,0.101,0.795,2,0.444,-23.487,0,0.0407,74.782,0.0707,classical
0.963,0.137,0.0262,0.903,4,0.234,-21.686,1,0.0394,74.988,0.0355,classical
0.922,0.264,0.157,0.937,2,0.308,-14.398,1,0.0309,95.615,0.122,classical
0.912,0.115,0.0858,0.9,10,0.0906,-20.432,0,0.0447,89.296,0.0296,classical
0.974,0.398,0.0575,0.922,5,0.0628,-22.472,1,0.036,109.207,0.209,classical
0.895,0.323,0.0114,0.636,4,0.171,-38.855,0,0.0343,112.281,0.134,classical
0.964,0.374,0.298,0.834,8,0.123,-17.187,0,0.0426,124.431,0.311,classical
0.915,0.416,0.234,0.945,7,0.115,-14.569,0,0.0339,109.221,0.199,classical
0.961,0.069,0.101,0.795,2,0.444,-23.487,0,0.0407,74.782,0.0707,classical
0.957,0.247,0.298,0.9,0,0.0943,-15.661,0,0.0395,97.784,0.157,classical
0.957,0.247,0.298,0.9,0,0.0943,-15.661,0,0.0395,97.784,0.157,classical
0.96,0.274,0.121,0.857,3,0.0924,-16.761,1,0.0373,76.204,0.155,classical
0.833,0.222,0.0353,0.0228,7,0.1,-27.581,1,0.0446,99.398,0.0394,classical
0.764,0.491,0.142,0.74,4,0.248,-17.265,1,0.0361,112.295,0.234,classical
0.83,0.34,0.489,0.91,7,0.141,-15.316,1,0.0412,157.024,0.468,classical
0.804,0.444,0.074,0.00319,5,0.226,-22.441,1,0.0523,128.275,0.225,classical
0.818,0.4,0.247,0.64,5,0.119,-18.249,0,0.0423,162.078,0.394,classical
0.944,0.459,0.287,0.0214,1,0.183,-16.162,1,0.0338,127.697,0.412,classical
0.915,0.416,0.234,0.945,7,0.115,-14.569,0,0.0339,109.221,0.199,classical
0.961,0.069,0.101,0.795,2,0.444,-23.487,0,0.0407,74.782,0.0707,classical
0.931,0.311,0.123,0.898,2,0.178,-19.708,1,0.0367,141.485,0.203,classical
0.897,0.322,0.154,0.857,2,0.232,-18.765,1,0.0467,138.773,0.11,classical
0.975,0.355,0.188,0.859,7,0.122,-18.089,0,0.0369,113.537,0.214,classical
0.963,0.429,0.0959,0.00499,5,0.0895,-19.686,1,0.0501,147.424,0.263,classical
0.89,0.275,0.157,0.842,7,0.186,-18.752,1,0.0636,73.289,0.304,classical
0.87,0.0692,0.0463,0.308,2,0.0937,-25.35,0,0.0373,71.749,0.0714,classical
0.924,0.168,0.0698,0.934,2,0.126,-27.22,1,0.0471,112.654,0.047,classical
0.879,0.567,0.369,0.00478,6,0.126,-14.772,1,0.041,101.105,0.891,classical
0.968,0.138,0.0322,0.00434,11,0.108,-25.594,0,0.0507,81.258,0.0545,classical
0.911,0.136,0.164,0.916,4,0.109,-18.756,0,0.0364,58.303,0.071,classical
0.895,0.323,0.0114,0.636,4,0.171,-38.855,0,0.0343,112.281,0.134,classical
0.944,0.149,0.128,0.928,2,0.0703,-20.459,1,0.0462,47.362,0.113,classical
0.941,0.15,0.229,0.845,5,0.118,-17.426,0,0.0657,65.121,0.0793,classical
0.976,0.39,0.258,0.881,1,0.165,-14.175,1,0.0297,78.011,0.15,classical
0.991,0.446,0.189,0.852,10,0.128,-21.643,1,0.0335,116.26,0.451,classical
0.993,0.286,0.0144,0.912,1,0.102,-26.525,1,0.041,64.28,0.0365,classical
0.992,0.335,0.0118,0.932,1,0.085,-23.89,1,0.0414,92.445,0.0835,classical
0.991,0.181,0.105,0.887,1,0.0929,-21.362,1,0.0379,72.945,0.07,classical
0.989,0.32,0.156,0.841,0,0.69,-19.611,0,0.0296,90.562,0.209,classical
0.99,0.317,0.154,0.898,5,0.106,-17.736,1,0.033,94.984,0.0399,classical
0.988,0.218,0.0715,0.878,8,0.144,-27.868,1,0.0382,78.754,0.2,classical
0.96,0.399,0.405,0.398,2,0.214,-11.552,1,0.0303,109.098,0.484,classical
0.927,0.0939,0.0336,0.83,2,0.0954,-24.041,0,0.0606,67.359,0.0516,classical
0.92,0.374,0.178,0.0235,1,0.0754,-15.758,1,0.0389,95.839,0.148,classical
0.963,0.137,0.0262,0.903,4,0.234,-21.686,1,0.0394,74.988,0.0355,classical
0.926,0.442,0.216,0.944,7,0.144,-17.569,1,0.0555,118.779,0.574,classical
0.994,0.335,0.00532,0.912,1,0.0621,-31.646,1,0.0376,65.832,0.0397,classical
0.689,0.293,0.317,0.923,7,0.121,-14.707,1,0.0336,76.749,0.0859,classical
0.924,0.3,0.297,0.925,7,0.314,-14.937,0,0.037,139.855,0.279,classical
0.984,0.67,0.013,0.923,6,0.113,-24.009,1,0.468,134.496,0.394,classical
0.901,0.236,0.163,0.737,4,0.124,-15.639,0,0.0348,141.518,0.114,classical
0.861,0.12,0.0577,0.247,6,0.137,-25.082,1,0.0519,71.917,0.144,classical
0.994,0.517,0.0322,0.963,4,0.0856,-23.108,0,0.0623,132.223,0.0389,classical
0.973,0.22,0.0917,0.929,2,0.104,-17.819,1,0.0393,81.178,0.101,classical
0.986,0.63,0.0686,0.613,2,0.0931,-14.991,1,0.042,123.088,0.55,classical
0.974,0.398,0.0575,0.922,5,0.0628,-22.472,1,0.036,109.207,0.209,classical
0.964,0.374,0.298,0.834,8,0.123,-17.187,0,0.0426,124.431,0.311,classical
0.991,0.343,0.0342,0.92,8,0.1,-25.591,1,0.0406,60.228,0.0378,classical
0.636,0.148,0.301,0.937,5,0.154,-13.321,1,0.0432,80.128,0.0419,classical
0.944,0.234,0.227,0.869,11,0.0854,-18.535,1,0.0373,101.636,0.0703,classical
0.978,0.0802,0.0222,0.0555,10,0.0942,-32.901,1,0.041,74.39,0.0686,classical
0.951,0.0809,0.0457,0.91,4,0.0845,-22.714,1,0.0392,81.749,0.0363,classical
0.912,0.115,0.0858,0.9,10,0.0906,-20.432,0,0.0447,89.296,0.0296,classical
0.525,0.287,0.158,0.344,10,0.232,-19.478,1,0.0325,148.645,0.363,classical
0.783,0.354,0.0487,0.484,5,0.284,-24.568,1,0.0323,64.12,0.253,classical
0.726,0.11,0.116,0.906,7,0.125,-21.875,1,0.0437,92.592,0.0624,classical
0.983,0.194,0.0545,0.945,4,0.0551,-24.877,1,0.0366,140.966,0.0385,classical
0.98,0.205,0.0525,0.906,1,0.103,-23.841,1,0.0327,88.316,0.0511,classical
0.934,0.126,0.0278,0.828,9,0.107,-26.217,1,0.0435,81.267,0.034,classical
0.972,0.12,0.106,0.919,0,0.0802,-22.245,0,0.041,77.06,0.0466,classical
0.946,0.07,0.0724,0.896,4,0.286,-25.949,0,0.0404,75.518,0.0369,classical
0.936,0.324,0.218,0.684,4,0.249,-16.495,1,0.0592,174.556,0.535,classical
0.87,0.339,0.649,0.398,4,0.0948,-13.449,1,0.0605,169.069,0.66,classical
0.689,0.274,0.434,0.76,2,0.0705,-11.61,1,0.0433,131.962,0.315,classical
0.96,0.122,0.0779,0.939,4,0.105,-21.23,0,0.0476,95.404,0.038,classical
0.994,0.12,0.138,0.686,10,0.11,-15.538,1,0.048,67.894,0.043,classical
0.901,0.1,0.0354,0.865,11,0.125,-17.211,0,0.0387,73.968,0.0426,classical
0.959,0.487,0.152,0.638,9,0.322,-20.265,1,0.053,110.946,0.237,classical
0.989,0.267,0.00833,0.596,3,0.104,-33.503,1,0.0498,77.026,0.218,classical
0.911,0.316,0.244,0.816,2,0.182,-18.218,1,0.0431,105.101,0.0642,classical
0.962,0.235,0.0639,0.603,11,0.466,-24.404,0,0.049,120.736,0.0781,classical
0.861,0.581,0.715,0.81,2,0.391,-11.645,0,0.0366,93.616,0.966,classical
0.903,0.177,0.127,0.901,8,0.114,-19.167,1,0.0394,149.698,0.0612,classical
0.938,0.0924,0.0217,0.938,7,0.15,-25.091,1,0.0374,85.471,0.0399,classical
0.9,0.0773,0.0957,0.859,2,0.105,-21.018,1,0.0399,55.165,0.0891,classical
0.786,0.199,0.0677,0.738,0,0.225,-20.879,1,0.039,78.866,0.145,classical
0.675,0.495,0.0249,0.993,3,0.57,-32.122,1,0.0446,114.78,0.112,classical
0.945,0.508,0.305,0.891,8,0.669,-17.125,0,0.0293,103.911,0.587,classical
0.73,0.123,0.225,0.509,4,0.0658,-16.798,1,0.0351,78.132,0.055,classical
0.946,0.339,0.214,0.518,2,0.306,-21.159,0,0.0545,135.103,0.0923,classical
0.822,0.28,0.35,0.908,10,0.157,-13.378,1,0.0392,106.269,0.12,classical
0.984,0.322,0.184,0.902,0,0.0813,-18.312,0,0.0338,107.847,0.356,classical
0.735,0.306,0.0913,0.663,0,0.0982,-20.077,1,0.041,130.818,0.0928,classical
0.912,0.171,0.0163,0.731,5,0.0893,-29.141,1,0.0414,91.204,0.0341,classical
0.837,0.28,0.0801,0.91,0,0.393,-19.353,0,0.0393,80.019,0.238,classical
0.873,0.136,0.0686,0.391,4,0.0911,-23.424,0,0.0465,95.406,0.0358,classical
0.961,0.124,0.0651,0.812,2,0.249,-22.396,1,0.0382,48.529,0.0593,classical
0.963,0.212,0.301,0.0033,2,0.13,-12.505,1,0.0384,84.025,0.0798,classical
0.975,0.156,0.0675,0.000222,1,0.101,-19.141,1,0.0486,57.921,0.0487,classical
0.972,0.28,0.108,0.0715,8,0.153,-16.627,1,0.0416,72.633,0.084,classical
0.979,0.213,0.153,0.012,11,0.0854,-17.132,0,0.0409,80.332,0.0704,classical
0.989,0.224,0.0945,0.764,1,0.102,-16.475,1,0.0426,124.206,0.0574,classical
0.962,0.424,0.214,2.9e-05,10,0.681,-17.688,1,0.0763,113.211,0.282,classical
0.966,0.386,0.128,2.39e-06,6,0.0827,-16.273,1,0.0371,66.187,0.363,classical
0.976,0.389,0.0177,0.956,3,0.111,-28.236,1,0.043,93.252,0.269,classical
0.689,0.274,0.434,0.76,2,0.0705,-11.61,1,0.0433,131.962,0.315,classical
0.901,0.414,0.174,0.912,2,0.105,-14.891,1,0.0312,105.37,0.0737,classical
0.629,0.489,0.317,0.548,1,0.205,-14.773,1,0.0409,70.45,0.296,classical
0.957,0.0752,0.0604,0.902,7,0.0889,-23.96,0,0.0485,76.509,0.034,classical
0.943,0.308,0.147,0.923,2,0.37,-13.618,1,0.0356,98.73,0.38,classical
0.905,0.212,0.0161,0.000325,10,0.123,-28.384,0,0.0455,112.419,0.107,classical
0.828,0.316,0.243,0.0047,2,0.175,-19.476,1,0.0482,84.886,0.662,classical
0.941,0.538,0.0416,0.915,8,0.109,-25.889,1,0.0399,59.173,0.16,classical
0.888,0.604,0.474,0.00167,1,0.295,-15.96,0,0.0439,107.551,0.772,classical
0.906,0.441,0.123,0.9,7,0.0695,-18.151,1,0.0406,130.802,0.296,classical
0.896,0.331,0.131,0.859,2,0.0908,-20.941,1,0.0451,71.255,0.163,classical
0.842,0.443,0.177,0.762,2,0.0998,-17.215,1,0.0361,74.39,0.367,classical
0.962,0.535,0.201,0.869,3,0.0514,-18.774,1,0.0427,138.652,0.491,classical
0.985,0.102,0.0385,0.794,7,0.193,-27.531,1,0.0442,89.121,0.111,classical
0.782,0.304,0.0353,0.856,1,0.153,-40.146,1,0.0406,93.384,0.24,classical
0.981,0.178,0.0157,0.896,2,0.0779,-24.129,1,0.0451,134.332,0.093,classical
0.982,0.137,0.0311,0.972,5,0.0908,-28.208,1,0.0381,179.223,0.063,classical
0.987,0.18,0.0115,0.851,3,0.0991,-30.172,1,0.0399,70.428,0.0861,classical
0.974,0.47,0.175,0.593,9,0.0579,-15.333,1,0.048,119.502,0.441,classical
0.973,0.368,0.123,0.000224,5,0.11,-16.724,1,0.0422,113.712,0.105,classical
0.726,0.259,0.172,0.901,5,0.108,-17.061,0,0.038,76.361,0.148,classical
0.91,0.286,0.125,0.758,5,0.095,-16.159,0,0.0418,82.975,0.0863,classical
0.987,0.289,0.0306,0.911,9,0.102,-30.79,0,0.0446,125.61,0.118,classical
0.982,0.479,0.057,0.685,3,0.165,-21.167,1,0.0391,119.541,0.391,classical
0.978,0.356,0.0566,0.186,5,0.0616,-20.647,1,0.0437,147.17,0.205,classical
0.967,0.323,0.134,0.241,9,0.0742,-19.741,0,0.045,146.003,0.119,classical
0.987,0.244,0.0398,0.727,2,0.0927,-27.426,1,0.041,90.638,0.0984,classical
0.975,0.226,0.0575,0.931,10,0.16,-21.168,1,0.042,62.954,0.24,classical
0.996,0.595,0.0109,0.955,4,0.0765,-27.001,1,0.0525,68.584,0.342,classical
0.987,0.375,0.0398,0.0,11,0.0979,-24.968,0,0.044,106.41,0.114,classical
0.987,0.392,0.164,0.895,2,0.112,-18.637,0,0.041,127.801,0.201,classical
0.841,0.219,0.154,0.855,11,0.164,-18.17,0,0.0389,123.625,0.108,classical
0.964,0.352,0.112,0.0798,0,0.0646,-21.937,1,0.0636,81.733,0.179,classical
0.919,0.287,0.145,0.144,4,0.0987,-19.665,0,0.0406,101.679,0.167,classical
0.906,0.2,0.0562,0.862,7,0.0832,-22.758,1,0.0433,143.741,0.0568,classical
0.963,0.31,0.0753,0.723,2,0.0796,-26.591,1,0.0439,93.43,0.0909,classical
0.99,0.33,0.0513,0.848,1,0.0987,-24.319,1,0.04,142.028,0.151,classical
0.954,0.163,0.332,0.825,9,0.151,-15.841,1,0.0678,64.181,0.0471,classical
0.906,0.442,0.181,0.656,7,0.0598,-20.419,0,0.0443,115.884,0.172,classical
0.986,0.169,0.0161,0.849,9,0.0805,-31.034,0,0.0445,127.578,0.0572,classical
0.872,0.224,0.227,0.89,0,0.063,-17.695,1,0.0344,104.17,0.134,classical
0.938,0.293,0.0888,0.78,9,0.0918,-26.06,0,0.0457,91.712,0.153,classical
0.97,0.34,0.222,0.9,7,0.147,-18.129,0,0.0297,101.8,0.171,classical
0.0462,0.584,0.889,0.828,1,0.309,-5.941,0,0.0343,126.04,0.464,electronic
0.00107,0.675,0.868,0.715,1,0.374,-6.36,1,0.0392,128.007,0.0376,electronic
0.0194,0.613,0.697,0.0,2,0.332,-8.618,1,0.133,122.746,0.476,electronic
0.0038,0.532,0.783,0.0012,2,0.161,-5.697,1,0.0523,124.08,0.643,electronic
0.000702,0.275,0.721,0.821,6,0.0792,-6.222,0,0.0359,125.156,0.184,electronic
0.0034,0.528,0.945,0.505,7,0.115,-3.386,0,0.0928,139.987,0.308,electronic
8.45e-05,0.649,0.706,0.831,8,0.163,-7.209,0,0.031,128.032,0.0736,electronic
3.97e-05,0.617,0.617,0.0598,8,0.253,-6.941,1,0.122,127.996,0.517,electronic
0.0866,0.467,0.757,0.0,2,0.0742,-3.01,1,0.0517,131.993,0.383,electronic
0.288,0.842,0.927,0.653,2,0.0972,-1.496,1,0.0439,138.004,0.866,electronic
0.0241,0.631,0.953,0.0155,2,0.108,-3.739,1,0.0343,141.99,0.422,electronic
0.00415,0.524,0.807,0.000834,2,0.212,-4.16,1,0.0579,124.127,0.62,electronic
0.158,0.885,0.746,0.0,2,0.257,-3.476,0,0.0541,102.079,0.717,electronic
0.00201,0.719,0.847,0.0204,0,0.221,-6.34,0,0.0919,127.96,0.443,electronic
0.0129,0.474,0.622,3.82e-06,4,0.327,-6.381,0,0.061,176.062,0.158,electronic
0.093,0.818,0.913,3.69e-05,4,0.161,-3.06,0,0.0426,119.986,0.536,electronic
0.135,0.747,0.716,0.0,11,0.251,-2.457,0,0.0751,125.006,0.751,electronic
0.0473,0.74,0.755,0.00123,0,0.73,-6.13,0,0.106,120.004,0.339,electronic
0.00356,0.956,0.795,0.889,7,0.0906,-5.311,1,0.15,121.294,0.841,electronic
0.0194,0.613,0.697,0.0,2,0.332,-8.618,1,0.133,122.746,0.476,electronic
0.0427,0.817,0.716,0.00263,6,0.358,-8.898,0,0.144,123.474,0.692,electronic
0.00196,0.806,0.7,0.891,0,0.267,-5.269,0,0.0752,111.215,0.892,electronic
0.0426,0.794,0.811,1.07e-06,6,0.101,-8.966,0,0.038,116.047,0.862,electronic
0.048,0.644,0.664,0.867,9,0.342,-8.398,1,0.0332,124.726,0.53,electronic
6.94e-06,0.59,0.787,0.845,7,0.0293,-5.766,1,0.0512,111.926,0.598,electronic
0.00335,0.545,0.948,0.364,11,0.226,-5.098,1,0.0779,141.507,0.355,electronic
0.0121,0.673,0.808,0.878,9,0.037,-6.183,1,0.0491,130.041,0.303,electronic
0.00306,0.604,0.995,0.626,10,0.109,-3.641,0,0.164,136.216,0.262,electronic
0.000941,0.545,0.953,0.117,7,0.281,-5.172,1,0.0441,140.002,0.558,electronic
0.000508,0.606,0.9,0.901,6,0.112,-5.168,1,0.0547,140.035,0.115,electronic
0.000127,0.443,0.96,0.875,1,0.194,-5.481,1,0.0661,174.011,0.533,electronic
0.0038,0.694,0.79,0.0212,1,0.329,-12.876,1,0.0532,131.009,0.402,electronic
0.119,0.632,0.92,0.508,2,0.114,-4.976,1,0.0531,127.001,0.363,electronic
0.0141,0.745,0.714,0.0222,7,0.363,-3.681,1,0.0751,104.003,0.365,electronic
0.0206,0.606,0.977,0.5,1,0.179,-3.642,1,0.06,109.41,0.809,electronic
0.00957,0.751,0.897,2.88e-05,1,0.329,-3.598,1,0.0468,119.97,0.482,electronic
0.0462,0.584,0.889,0.828,1,0.309,-5.941,0,0.0343,126.04,0.464,electronic
0.0038,0.532,0.783,0.0012,2,0.161,-5.697,1,0.0523,124.08,0.643,electronic
0.0166,0.527,0.835,0.0,6,0.249,-5.298,1,0.0433,125.983,0.654,electronic
0.31,0.579,0.736,0.0,6,0.198,-3.863,0,0.0527,127.999,0.613,electronic
0.0034,0.528,0.945,0.505,7,0.115,-3.386,0,0.0928,139.987,0.308,electronic
0.0145,0.716,0.972,3.22e-05,7,0.317,-2.302,1,0.196,110.026,0.576,electronic
0.00711,0.429,0.948,0.0148,5,0.0812,-3.657,0,0.227,115.785,0.55,electronic
0.00107,0.675,0.868,0.715,1,0.374,-6.36,1,0.0392,128.007,0.0376,electronic
0.00406,0.575,0.831,0.000449,0,0.111,-5.972,1,0.0356,127.991,0.377,electronic
8.45e-05,0.649,0.706,0.831,8,0.163,-7.209,0,0.031,128.032,0.0736,electronic
3.97e-05,0.617,0.617,0.0598,8,0.253,-6.941,1,0.122,127.996,0.517,electronic
0.0166,0.507,0.699,0.00172,1,0.112,-7.483,1,0.0814,139.909,0.0744,electronic
0.0679,0.604,0.787,0.15,0,0.127,-3.674,0,0.103,126.062,0.301,electronic
0.0165,0.675,0.862,0.000427,11,0.169,-4.614,1,0.0253,129.967,0.498,electronic
0.0015,0.561,0.87,2.82e-06,8,0.246,-6.103,1,0.343,129.98,0.498,electronic
0.141,0.528,0.965,0.985,11,0.0797,-7.984,0,0.0465,136.065,0.587,electronic
0.0742,0.752,0.935,0.0352,11,0.081,-6.263,1,0.203,126.022,0.31,electronic
0.176,0.606,0.897,0.882,10,0.17,-7.469,0,0.0448,130.55,0.393,electronic
0.00107,0.818,0.799,0.128,1,0.057,-4.1,0,0.156,100.014,0.0815,electronic
0.0483,0.699,0.839,0.655,4,0.0897,-5.353,0,0.0481,128.026,0.264,electronic
0.0233,0.712,0.499,0.77,11,0.101,-8.976,1,0.0768,139.987,0.255,electronic
0.112,0.612,0.84,0.0,11,0.116,-3.145,0,0.0509,129.042,0.438,electronic
0.0144,0.507,0.665,0.0,0,0.0759,-7.598,1,0.0474,126.879,0.4,electronic
0.00666,0.723,0.806,0.876,0,0.276,-4.989,1,0.0521,124.976,0.539,electronic
0.0132,0.733,0.673,0.0049,9,0.16,-6.572,0,0.0333,125.061,0.636,electronic
0.0398,0.509,0.781,0.0,8,0.0749,-3.48,1,0.072,128.0,0.176,electronic
0.109,0.596,0.738,0.0,8,0.0947,-3.109,1,0.0411,127.961,0.461,electronic
0.0137,0.609,0.801,0.00349,0,0.127,-4.417,0,0.034,129.99,0.407,electronic
0.0281,0.468,0.627,7.97e-06,6,0.11,-5.085,1,0.0476,179.642,0.159,electronic
0.229,0.673,0.914,0.000478,10,0.186,-3.962,1,0.0496,97.021,0.183,electronic
0.171,0.753,0.657,0.0,7,0.112,-3.061,1,0.0449,107.01,0.437,electronic
0.259,0.822,0.969,0.000153,7,0.39,-11.471,0,0.0582,128.007,0.765,electronic
0.00181,0.671,0.882,0.667,8,0.285,-6.149,0,0.0552,136.955,0.787,electronic
0.000298,0.604,0.755,0.817,0,0.0625,-10.761,1,0.0337,137.064,0.387,electronic
0.0771,0.638,0.877,0.0221,7,0.364,-4.449,1,0.0302,139.052,0.743,electronic
0.0346,0.631,0.912,0.539,9,0.0729,-7.591,0,0.0362,138.043,0.329,electronic
0.067,0.526,0.705,6.4e-05,5,0.125,-6.777,0,0.0301,134.947,0.413,electronic
0.00892,0.381,0.963,0.00382,5,0.294,-3.911,0,0.0678,138.0,0.165,electronic
0.086,0.537,0.694,0.889,1,0.0855,-9.918,1,0.0302,130.945,0.0648,electronic
0.0437,0.668,0.982,0.849,9,0.887,-7.979,0,0.0331,138.223,0.591,electronic
0.00106,0.576,0.953,0.49,10,0.474,-8.968,1,0.0362,140.042,0.303,electronic
0.0105,0.649,0.9,0.926,7,0.0911,-10.781,1,0.0369,126.983,0.22,electronic
0.132,0.696,0.775,0.00879,10,0.37,-5.097,0,0.142,123.023,0.474,electronic
0.0755,0.426,0.944,0.799,8,0.119,-9.179,1,0.297,162.165,0.234,electronic
0.0901,0.603,0.893,0.268,1,0.194,-8.657,1,0.0484,109.711,0.516,electronic
0.0121,0.666,0.992,0.0044,7,0.362,-6.713,1,0.255,152.626,0.0671,electronic
0.0142,0.566,0.861,0.459,7,0.675,-8.063,1,0.144,124.713,0.108,electronic
0.14,0.694,0.94,0.743,8,0.263,-5.192,0,0.0434,98.005,0.96,electronic
0.034,0.613,0.962,0.0,6,0.824,-5.07,0,0.278,113.015,0.496,electronic
0.0168,0.693,0.789,0.366,9,0.0985,-5.13,1,0.384,117.055,0.283,electronic
5.15e-05,0.603,0.835,0.94,2,0.546,-5.097,1,0.0755,123.929,0.0362,electronic
0.0182,0.507,0.729,1.4e-06,11,0.0658,-5.399,0,0.0393,105.013,0.272,electronic
0.459,0.617,0.778,0.925,9,0.128,-8.872,0,0.027,100.363,0.152,electronic
0.00113,0.626,0.707,0.00254,0,0.222,-7.333,1,0.0269,113.994,0.377,electronic
0.00842,0.532,0.874,0.012,9,0.452,-5.183,0,0.0482,91.038,0.361,electronic
0.00256,0.69,0.827,0.524,8,0.121,-7.126,1,0.0416,120.021,0.28,electronic
0.376,0.464,0.162,1.25e-05,5,0.181,-17.142,0,0.0337,122.793,0.104,electronic
0.00198,0.762,0.651,0.856,0,0.111,-13.34,1,0.0655,130.395,0.941,electronic
0.0777,0.633,0.915,0.853,10,0.096,-5.844,1,0.0408,118.517,0.921,electronic
0.209,0.626,0.667,0.000257,0,0.0779,-11.817,0,0.0283,112.776,0.83,electronic
0.0911,0.673,0.899,0.0172,11,0.0481,-3.528,1,0.0434,129.885,0.793,electronic
0.044,0.566,0.961,0.00106,4,0.352,-3.46,0,0.0354,118.988,0.866,electronic
0.00122,0.708,0.683,0.643,4,0.121,-7.768,0,0.0344,123.602,0.463,electronic
0.2,0.354,0.561,0.815,2,0.125,-13.781,1,0.0407,149.9,0.306,electronic
0.0559,0.878,0.611,0.838,1,0.0527,-12.221,1,0.118,107.65,0.718,electronic
0.628,0.857,0.459,0.726,8,0.104,-13.375,1,0.0518,135.863,0.964,electronic
0.585,0.288,0.454,0.882,4,0.177,-7.639,0,0.0369,123.143,0.0792,electronic
0.07,0.621,0.807,0.169,8,0.0737,-8.963,0,0.0363,118.028,0.557,electronic
0.00793,0.72,0.808,0.0293,6,0.0634,-5.627,1,0.0379,126.041,0.869,electronic
0.00128,0.729,0.662,0.208,5,0.305,-7.191,0,0.337,124.149,0.359,electronic
0.000563,0.605,0.874,0.812,7,0.112,-4.949,0,0.0295,125.99,0.836,electronic
0.00427,0.597,0.837,0.00115,10,0.839,-6.518,1,0.375,126.342,0.447,electronic
0.000702,0.275,0.721,0.821,6,0.0792,-6.222,0,0.0359,125.156,0.184,electronic
0.0741,0.912,0.782,0.763,7,0.348,-7.018,0,0.0445,119.979,0.89,electronic
0.126,0.729,0.72,0.347,3,0.178,-6.692,1,0.037,122.011,0.0389,electronic
0.0335,0.683,0.571,0.0616,1,0.0957,-7.721,1,0.0286,120.044,0.29,electronic
0.019,0.611,0.809,0.0185,6,0.114,-6.63,0,0.0342,118.003,0.428,electronic
0.0158,0.853,0.798,0.948,4,0.0967,-7.995,0,0.068,129.983,0.42,electronic
0.347,0.819,0.599,0.824,11,0.083,-6.778,1,0.039,127.986,0.489,electronic
0.0245,0.706,0.74,0.514,6,0.135,-7.904,1,0.0324,122.007,0.444,electronic
0.00181,0.76,0.964,0.703,2,0.0975,-5.844,1,0.0577,125.003,0.643,electronic
0.00232,0.926,0.951,0.452,6,0.313,-5.531,0,0.0924,123.987,0.918,electronic
0.000833,0.683,0.825,0.727,7,0.232,-6.175,1,0.0424,126.023,0.0451,electronic
0.138,0.685,0.827,0.00207,10,0.374,-7.745,1,0.224,133.93,0.586,electronic
0.0681,0.761,0.781,0.108,5,0.0607,-6.778,0,0.141,123.023,0.473,electronic
0.143,0.773,0.652,0.024,11,0.44,-9.187,0,0.0807,126.007,0.453,electronic
0.0106,0.565,0.832,0.00693,9,0.508,-6.422,0,0.041,125.948,0.0791,electronic
0.236,0.708,0.872,0.0661,11,0.108,-6.719,1,0.0336,140.063,0.742,electronic
0.0245,0.739,0.586,0.000252,10,0.308,-5.079,0,0.0472,124.026,0.444,electronic
0.0305,0.503,0.748,0.0,5,0.343,-4.124,1,0.0619,125.896,0.356,electronic
0.258,0.519,0.754,3.75e-06,2,0.139,-5.689,1,0.0402,125.975,0.16,electronic
0.000122,0.515,0.899,0.0795,7,0.367,-5.115,1,0.0602,174.028,0.267,electronic
0.000262,0.356,0.966,0.148,7,0.192,-4.13,0,0.0825,173.992,0.215,electronic
0.000174,0.421,0.896,0.039,5,0.323,-5.696,0,0.103,174.065,0.169,electronic
2.84e-05,0.42,0.969,0.00861,1,0.379,-3.139,1,0.0581,174.038,0.182,electronic
3.04e-05,0.428,0.983,0.824,10,0.322,-4.104,0,0.0478,173.996,0.3,electronic
0.255,0.451,0.948,0.0,0,0.392,-0.74,1,0.147,176.985,0.295,electronic
0.0228,0.516,0.915,0.000789,7,0.125,-2.498,1,0.0562,174.032,0.0398,electronic
0.0258,0.425,0.894,1.56e-06,10,0.0996,-4.991,0,0.0762,115.412,0.171,electronic
0.456,0.584,0.993,0.688,5,0.129,1.634,0,0.0527,175.082,0.36,electronic
0.00838,0.619,0.959,0.105,1,0.179,0.326,1,0.368,173.938,0.167,electronic
2.04e-05,0.496,0.956,0.568,9,0.181,-5.36,0,0.0556,164.916,0.647,electronic
0.00291,0.302,0.646,0.0268,9,0.0588,-12.35,0,0.0792,154.586,0.06,electronic
5.84e-05,0.526,0.956,0.873,11,0.46,-3.111,1,0.0853,169.793,0.487,electronic
3.77e-05,0.484,0.943,0.00452,9,0.593,-4.364,0,0.0647,143.933,0.345,electronic
0.00095,0.499,0.826,0.029,9,0.122,-7.082,0,0.0534,140.007,0.427,electronic
0.00901,0.636,0.983,0.00783,6,0.0683,-3.807,0,0.173,145.077,0.434,electronic
0.0012,0.605,0.92,0.000596,4,0.483,-2.298,0,0.0713,174.974,0.219,electronic
0.00869,0.614,0.726,0.00131,11,0.157,-6.441,1,0.096,144.965,0.315,electronic
0.00167,0.556,0.901,0.784,11,0.138,-4.867,1,0.0466,85.978,0.0674,electronic
0.00217,0.497,0.727,0.0428,6,0.124,-3.796,0,0.0412,73.978,0.191,electronic
0.00438,0.557,0.983,0.796,11,0.552,-4.238,0,0.238,171.916,0.422,electronic
0.000117,0.536,0.944,0.00345,1,0.353,-3.029,1,0.0867,174.031,0.589,electronic
0.00105,0.64,0.903,0.0503,5,0.171,-3.042,0,0.185,128.079,0.152,electronic
0.000203,0.507,0.951,0.478,1,0.417,-3.71,1,0.0654,140.077,0.0628,electronic
0.000304,0.686,0.98,0.703,1,0.171,-2.966,0,0.228,140.054,0.614,electronic
0.00152,0.744,0.957,0.884,7,0.352,-4.8,1,0.0519,127.991,0.529,electronic
0.00521,0.609,0.885,1.15e-05,0,0.336,-5.469,1,0.0642,124.959,0.76,electronic
0.563,0.854,0.93,0.697,2,0.0815,-7.528,1,0.0439,123.998,0.192,electronic
0.0331,0.647,0.66,0.914,5,0.665,-10.309,0,0.0405,124.023,0.0174,electronic
0.0288,0.775,0.665,0.895,10,0.078,-11.376,0,0.058,121.997,0.137,electronic
0.0151,0.769,0.762,0.78,7,0.0748,-9.669,1,0.0758,123.003,0.119,electronic
0.32,0.601,0.558,0.375,4,0.0732,-8.353,0,0.0441,92.948,0.416,electronic
0.395,0.64,0.844,0.933,2,0.0827,-8.412,0,0.0374,119.042,0.364,electronic
0.195,0.595,0.788,0.202,3,0.153,-10.128,0,0.363,97.012,0.414,electronic
0.763,0.561,0.565,0.948,1,0.166,-12.374,1,0.0373,122.072,0.0392,electronic
0.0107,0.747,0.68,0.803,1,0.0964,-6.187,1,0.0346,93.804,0.594,electronic
0.000141,0.167,0.921,0.0716,6,0.239,-4.881,0,0.061,168.225,0.315,electronic
0.00139,0.708,0.912,0.000861,7,0.455,-7.899,1,0.0369,128.051,0.621,electronic
0.0213,0.742,0.756,0.0227,10,0.0553,-6.197,1,0.0825,129.963,0.81,electronic
0.00672,0.652,0.733,0.00867,7,0.0392,-8.207,1,0.246,127.533,0.744,electronic
0.00124,0.753,0.87,0.0856,1,0.222,-3.975,1,0.103,127.95,0.557,electronic
0.00746,0.791,0.969,0.913,10,0.13,-5.883,0,0.164,129.018,0.125,electronic
0.00578,0.746,0.571,0.856,11,0.667,-7.57,0,0.0655,126.045,0.578,electronic
0.00449,0.639,0.861,0.156,6,0.39,-6.595,1,0.0588,127.922,0.671,electronic
0.0105,0.808,0.506,0.912,11,0.0786,-11.265,0,0.0817,123.015,0.836,electronic
0.0141,0.693,0.728,0.933,3,0.128,-11.015,1,0.0407,132.017,0.461,electronic
0.0557,0.668,0.816,1.02e-06,4,0.197,-5.648,0,0.0367,129.971,0.5,electronic
0.0241,0.631,0.953,0.0155,2,0.108,-3.739,1,0.0343,141.99,0.422,electronic
0.191,0.687,0.792,0.0,5,0.167,-2.749,1,0.0452,100.011,0.671,electronic
0.256,0.52,0.761,4.96e-06,4,0.17,-3.093,1,0.0853,141.971,0.286,electronic
0.207,0.863,0.678,5.89e-06,6,0.1,-6.727,0,0.383,115.023,0.265,electronic
0.036,0.678,0.62,0.00557,1,0.138,-10.024,1,0.321,135.553,0.433,electronic
0.0346,0.884,0.549,0.0698,1,0.112,-11.683,1,0.471,120.461,0.394,electronic
0.00262,0.725,0.874,0.000412,0,0.0958,-3.715,0,0.0396,127.985,0.748,electronic
0.0211,0.596,0.856,0.0178,4,0.141,-3.556,0,0.0346,127.949,0.743,electronic
0.000972,0.707,0.924,0.00703,7,0.204,-2.842,1,0.031,127.937,0.919,electronic
0.129,0.544,0.915,0.000914,8,0.115,-3.405,1,0.0841,126.094,0.51,electronic
0.0287,0.414,0.857,0.00574,0,0.343,-4.078,0,0.0808,128.024,0.348,electronic
0.041,0.733,0.87,0.00109,4,0.396,-4.345,0,0.0651,122.022,0.332,electronic
0.037,0.791,0.862,2.19e-05,9,0.0814,-3.24,0,0.11,123.994,0.592,electronic
0.914,0.38,0.0993,2.32e-05,2,0.0605,-20.567,1,0.0509,174.874,0.44,folk
0.887,0.389,0.396,0.0,7,0.0828,-7.999,1,0.0332,171.86,0.585,folk
0.65,0.336,0.248,0.0,2,0.113,-15.626,1,0.0324,128.548,0.298,folk
0.794,0.39,0.31,0.0,5,0.379,-14.545,1,0.0676,177.515,0.584,folk
0.715,0.28,0.344,0.00642,0,0.133,-12.577,1,0.0293,171.143,0.232,folk
0.313,0.711,0.292,0.0,4,0.131,-15.523,0,0.037,103.951,0.194,folk
0.702,0.439,0.488,0.000339,11,0.16,-14.464,1,0.0615,93.017,0.629,folk
0.286,0.584,0.783,0.0,7,0.265,-4.616,1,0.0311,110.612,0.546,folk
0.847,0.572,0.38,0.000157,0,0.163,-10.41,1,0.034,80.6,0.87,folk
0.345,0.48,0.542,0.000609,0,0.113,-8.51,1,0.0348,152.853,0.567,folk
0.585,0.611,0.47,0.0,4,0.58,-9.135,1,0.0356,85.527,0.97,folk
0.867,0.185,0.137,0.00137,2,0.1,-13.527,1,0.0357,77.315,0.128,folk
0.852,0.406,0.188,0.0,7,0.105,-13.039,1,0.0324,120.757,0.629,folk
0.000334,0.316,0.484,0.00445,9,0.0912,-9.11,0,0.0308,117.363,0.299,folk
0.202,0.537,0.399,0.0546,4,0.109,-13.547,0,0.0269,171.402,0.832,folk
0.837,0.525,0.216,0.0,6,0.107,-13.551,1,0.0301,106.761,0.328,folk
0.541,0.495,0.326,8.85e-05,7,0.0996,-12.29,1,0.0365,136.243,0.371,folk
0.7,0.529,0.482,0.0,4,0.0842,-11.709,0,0.0599,138.453,0.492,folk
0.497,0.478,0.272,1.91e-05,5,0.124,-16.161,1,0.03,105.441,0.715,folk
0.506,0.608,0.442,9.52e-06,5,0.0979,-10.977,1,0.0327,75.856,0.369,folk
0.367,0.475,0.322,0.00056,7,0.11,-10.687,1,0.0283,93.503,0.387,folk
0.754,0.686,0.127,1.41e-05,7,0.0573,-14.361,1,0.0342,93.699,0.372,folk
0.314,0.455,0.437,0.0,4,0.501,-11.411,1,0.0278,81.396,0.724,folk
0.921,0.605,0.158,0.00118,2,0.159,-13.669,1,0.0431,108.325,0.485,folk
0.611,0.503,0.366,0.00011,2,0.454,-9.958,1,0.0319,113.67,0.398,folk
0.908,0.398,0.0851,5.3e-06,7,0.34,-19.387,1,0.0368,90.991,0.459,folk
0.53,0.648,0.31,0.000231,2,0.124,-12.431,1,0.0264,112.938,0.408,folk
0.883,0.414,0.161,0.000223,7,0.117,-22.32,0,0.0318,159.375,0.423,folk
0.914,0.38,0.0993,2.32e-05,2,0.0605,-20.567,1,0.0509,174.874,0.44,folk
0.887,0.389,0.396,0.0,7,0.0828,-7.999,1,0.0332,171.86,0.585,folk
0.731,0.482,0.721,0.0,0,0.189,-6.839,1,0.0321,95.263,0.557,folk
0.794,0.39,0.31,0.0,5,0.379,-14.545,1,0.0676,177.515,0.584,folk
0.919,0.567,0.198,0.000871,4,0.135,-18.681,1,0.0327,92.467,0.321,folk
0.251,0.513,0.396,0.177,7,0.11,-13.061,1,0.0299,140.208,0.229,folk
0.837,0.525,0.216,0.0,6,0.107,-13.551,1,0.0301,106.761,0.328,folk
0.713,0.606,0.457,2.53e-05,6,0.0747,-14.035,0,0.0497,92.033,0.813,folk
0.702,0.439,0.488,0.000339,11,0.16,-14.464,1,0.0615,93.017,0.629,folk
0.822,0.149,0.206,0.000649,3,0.115,-13.888,1,0.0323,79.764,0.264,folk
0.65,0.336,0.248,0.0,2,0.113,-15.626,1,0.0324,128.548,0.298,folk
0.423,0.66,0.611,1.11e-05,0,0.107,-10.309,1,0.0392,113.898,0.749,folk
0.585,0.611,0.47,0.0,4,0.58,-9.135,1,0.0356,85.527,0.97,folk
0.867,0.185,0.137,0.00137,2,0.1,-13.527,1,0.0357,77.315,0.128,folk
0.9,0.693,0.201,0.0,1,0.112,-9.903,1,0.0288,100.836,0.679,folk
0.979,0.402,0.152,9.07e-05,0,0.104,-13.901,1,0.0403,59.173,0.387,folk
0.985,0.333,0.0937,0.0223,8,0.0994,-15.242,0,0.0354,107.263,0.209,folk
0.202,0.537,0.399,0.0546,4,0.109,-13.547,0,0.0269,171.402,0.832,folk
0.431,0.697,0.184,0.00861,4,0.248,-18.557,0,0.0388,141.106,0.445,folk
0.53,0.648,0.31,0.000231,2,0.124,-12.431,1,0.0264,112.938,0.408,folk
0.857,0.587,0.157,0.000533,7,0.7,-21.562,1,0.0398,105.489,0.394,folk
0.313,0.711,0.292,0.0,4,0.131,-15.523,0,0.037,103.951,0.194,folk
0.602,0.608,0.419,7.58e-06,11,0.108,-10.016,1,0.0331,100.22,0.602,folk
0.329,0.561,0.732,0.000228,7,0.0755,-6.178,1,0.0281,118.975,0.671,folk
0.852,0.406,0.188,0.0,7,0.105,-13.039,1,0.0324,120.757,0.629,folk
0.546,0.38,0.43,1.71e-05,9,0.188,-12.564,1,0.0288,82.204,0.547,folk
0.871,0.304,0.305,0.00368,2,0.367,-10.879,1,0.0298,146.066,0.464,folk
0.345,0.48,0.542,0.000609,0,0.113,-8.51,1,0.0348,152.853,0.567,folk
0.541,0.495,0.326,8.85e-05,7,0.0996,-12.29,1,0.0365,136.243,0.371,folk
0.592,0.443,0.365,0.00484,7,0.0886,-11.829,1,0.0315,133.156,0.398,folk
0.558,0.564,0.357,0.0,1,0.233,-12.752,1,0.0326,129.242,0.477,folk
0.243,0.506,0.343,0.0,5,0.141,-12.153,0,0.03,130.052,0.265,folk
0.715,0.28,0.344,0.00642,0,0.133,-12.577,1,0.0293,171.143,0.232,folk
0.842,0.402,0.114,0.0024,9,0.318,-15.691,1,0.0321,128.332,0.191,folk
0.871,0.642,0.427,0.0904,3,0.124,-8.471,1,0.0402,82.344,0.404,folk
0.852,0.473,0.118,0.735,8,0.112,-20.098,1,0.0339,114.521,0.0921,folk
0.187,0.552,0.447,0.873,5,0.117,-11.076,0,0.039,90.344,0.45,folk
0.603,0.487,0.298,0.682,2,0.161,-15.225,0,0.0328,124.332,0.457,folk
0.564,0.467,0.431,7.7e-06,0,0.0727,-13.274,0,0.0439,75.74,0.577,folk
0.554,0.259,0.241,6.62e-06,2,0.0849,-15.955,1,0.042,178.453,0.275,folk
0.9,0.431,0.188,0.0009,6,0.122,-16.667,1,0.031,102.039,0.487,folk
0.0275,0.517,0.492,3.19e-05,5,0.0873,-8.05,1,0.0272,138.585,0.455,folk
0.0536,0.592,0.499,4.52e-05,4,0.113,-9.463,1,0.0375,141.937,0.346,folk
0.0119,0.486,0.769,0.00832,1,0.197,-5.14,1,0.0341,131.286,0.393,folk
0.0251,0.395,0.826,0.000266,2,0.0856,-5.918,1,0.0508,81.684,0.637,folk
0.791,0.685,0.466,2.06e-06,0,0.0914,-9.074,1,0.0304,79.936,0.353,folk
0.611,0.598,0.561,0.0417,0,0.196,-11.676,1,0.0376,115.011,0.231,folk
0.613,0.664,0.573,0.000363,5,0.0857,-6.519,1,0.0277,76.023,0.566,folk
0.228,0.536,0.775,0.000142,8,0.0947,-6.765,1,0.0394,151.397,0.485,folk
0.943,0.374,0.304,0.298,1,0.126,-14.52,1,0.0302,147.969,0.147,folk
0.845,0.592,0.263,5.68e-06,4,0.127,-14.029,0,0.0568,76.366,0.109,folk
0.487,0.669,0.613,0.176,4,0.132,-11.12,0,0.036,110.668,0.566,folk
0.979,0.676,0.0812,0.416,2,0.118,-22.846,1,0.0398,125.075,0.314,folk
0.909,0.685,0.172,0.00154,8,0.286,-14.979,1,0.0412,133.902,0.563,folk
0.585,0.582,0.464,0.0,7,0.0892,-9.657,1,0.0304,124.97,0.446,folk
0.94,0.365,0.273,0.431,4,0.109,-16.526,0,0.038,132.285,0.238,folk
0.973,0.435,0.104,0.33,6,0.119,-22.39,0,0.0445,120.484,0.162,folk
0.827,0.369,0.403,0.0541,3,0.106,-7.996,1,0.0259,154.899,0.177,folk
0.653,0.386,0.205,0.0448,4,0.106,-16.699,1,0.0366,172.373,0.623,folk
0.143,0.657,0.549,0.841,0,0.139,-8.215,1,0.0302,125.755,0.313,folk
0.535,0.701,0.318,0.281,9,0.208,-13.368,1,0.0348,102.047,0.58,folk
0.892,0.607,0.399,0.000317,2,0.1,-12.163,1,0.036,75.476,0.688,folk
0.633,0.626,0.432,0.00239,2,0.127,-11.948,1,0.0283,137.93,0.361,folk
0.909,0.6,0.186,0.00102,3,0.104,-15.926,1,0.0317,110.044,0.468,folk
0.861,0.568,0.434,0.259,7,0.115,-12.755,0,0.0347,82.5,0.257,folk
0.921,0.553,0.429,0.135,3,0.115,-12.51,1,0.0283,152.047,0.532,folk
0.534,0.611,0.394,4.68e-05,0,0.108,-10.757,1,0.0416,123.941,0.202,folk
0.487,0.391,0.317,0.0,0,0.108,-10.449,1,0.0383,125.874,0.276,folk
0.902,0.561,0.327,0.000469,11,0.111,-10.835,0,0.0327,161.858,0.298,folk
0.904,0.436,0.4,0.00105,7,0.125,-11.485,1,0.0272,100.734,0.351,folk
0.906,0.401,0.58,0.217,7,0.134,-6.86,1,0.0541,173.277,0.526,folk
0.0512,0.438,0.827,0.000402,8,0.319,-6.531,1,0.0328,143.377,0.645,folk
0.509,0.556,0.315,0.00515,9,0.118,-11.535,1,0.0271,110.98,0.178,folk
0.074,0.551,0.53,0.0174,4,0.279,-6.178,0,0.0294,92.991,0.143,folk
0.787,0.765,0.291,0.000446,2,0.149,-14.456,1,0.0397,115.751,0.806,folk
0.56,0.636,0.373,2.94e-06,2,0.0864,-9.062,1,0.0289,130.618,0.548,folk
0.051,0.594,0.682,4.56e-05,0,0.0919,-8.858,1,0.0487,82.487,0.76,folk
0.883,0.414,0.161,0.000223,7,0.117,-22.32,0,0.0318,159.375,0.423,folk
0.858,0.654,0.336,0.385,6,0.0786,-12.825,1,0.0379,176.083,0.947,folk
0.982,0.58,0.0842,0.00126,5,0.11,-15.52,1,0.0302,92.123,0.388,folk
0.573,0.687,0.533,6.43e-05,7,0.0844,-8.853,1,0.0314,130.398,0.814,folk
0.888,0.533,0.157,0.0,2,0.108,-16.838,1,0.0374,134.019,0.587,folk
0.834,0.537,0.447,0.0101,9,0.107,-14.978,1,0.029,133.794,0.717,folk
0.234,0.489,0.578,0.0,10,0.123,-9.766,1,0.0418,78.111,0.511,folk
0.506,0.608,0.442,9.52e-06,5,0.0979,-10.977,1,0.0327,75.856,0.369,folk
0.795,0.689,0.2,0.0327,9,0.0893,-18.634,1,0.0309,91.787,0.478,folk
0.118,0.579,0.267,0.000562,4,0.132,-15.11,1,0.0348,74.899,0.353,folk
0.882,0.539,0.114,0.00902,2,0.106,-20.575,1,0.0346,141.378,0.608,folk
0.305,0.556,0.389,0.0,4,0.0468,-12.742,1,0.0291,148.784,0.284,folk
0.745,0.612,0.24,7.86e-05,9,0.115,-12.821,1,0.033,122.565,0.223,folk
0.334,0.794,0.427,1.04e-05,11,0.0703,-15.492,1,0.029,105.732,0.751,folk
0.116,0.308,0.376,2.52e-06,4,0.166,-15.24,1,0.0626,186.047,0.158,folk
0.908,0.398,0.0851,5.3e-06,7,0.34,-19.387,1,0.0368,90.991,0.459,folk
0.7,0.529,0.482,0.0,4,0.0842,-11.709,0,0.0599,138.453,0.492,folk
0.361,0.421,0.473,9.93e-06,4,0.288,-13.436,1,0.0333,84.503,0.717,folk
0.951,0.322,0.227,2.48e-06,6,0.114,-11.188,1,0.0384,182.795,0.219,folk
0.818,0.626,0.542,0.0,1,0.095,-7.655,1,0.037,75.368,0.769,folk
0.469,0.584,0.526,6.47e-05,9,0.0756,-10.081,0,0.0389,82.028,0.637,folk
0.513,0.61,0.64,0.0,9,0.0837,-7.681,0,0.0354,81.232,0.678,folk
0.589,0.596,0.276,0.0,6,0.177,-12.558,1,0.0405,99.892,0.495,folk
0.452,0.385,0.306,7.43e-06,3,0.128,-12.167,1,0.0297,173.377,0.546,folk
0.0627,0.458,0.621,0.00806,4,0.304,-11.507,1,0.0262,101.748,0.696,folk
0.122,0.629,0.677,9.72e-06,1,0.0962,-7.239,1,0.0299,132.783,0.627,folk
0.534,0.71,0.319,0.0201,2,0.211,-12.387,1,0.0667,105.489,0.757,folk
0.159,0.516,0.513,0.00957,2,0.0612,-10.762,1,0.0288,99.735,0.694,folk
0.625,0.396,0.295,7.6e-05,4,0.0989,-15.126,1,0.0343,155.531,0.187,folk
0.0828,0.477,0.797,0.0,0,0.185,-5.316,1,0.0365,88.823,0.705,folk
0.972,0.473,0.00867,0.0,10,0.212,-22.581,0,0.0517,82.148,0.663,folk
0.541,0.617,0.421,0.00227,0,0.125,-14.231,1,0.0318,131.653,0.39,folk
0.748,0.594,0.325,0.0058,0,0.0857,-17.137,1,0.0324,135.229,0.254,folk
0.887,0.556,0.15,2.5e-06,5,0.105,-17.489,1,0.0333,134.414,0.118,folk
0.588,0.537,0.315,2.29e-05,5,0.206,-13.79,1,0.0271,86.813,0.575,folk
0.134,0.473,0.342,3.47e-05,11,0.115,-8.568,1,0.0343,123.472,0.225,folk
0.93,0.4,0.101,5.05e-06,5,0.104,-14.425,1,0.039,95.05,0.0629,folk
0.304,0.63,0.578,0.206,10,0.116,-8.544,1,0.0256,106.675,0.474,folk
0.774,0.651,0.546,0.0437,1,0.0842,-9.021,1,0.0357,107.021,0.623,folk
0.856,0.426,0.274,0.00658,0,0.111,-16.649,1,0.146,100.255,0.169,folk
0.926,0.362,0.268,0.0576,11,0.346,-11.272,1,0.0351,123.587,0.327,folk
0.945,0.265,0.237,0.000267,10,0.112,-14.599,1,0.0351,87.912,0.19,folk
0.968,0.448,0.369,0.272,9,0.638,-9.514,1,0.0452,174.097,0.0998,folk
0.267,0.553,0.578,0.0377,4,0.267,-8.679,1,0.0299,120.993,0.407,folk
0.6,0.617,0.764,0.231,5,0.113,-6.265,1,0.036,91.001,0.234,folk
0.273,0.484,0.737,0.000453,0,0.1,-6.672,1,0.0289,84.945,0.408,folk
0.436,0.483,0.731,0.0,1,0.151,-6.696,1,0.0381,101.654,0.484,folk
0.0477,0.596,0.724,0.0287,7,0.0995,-8.256,1,0.0351,108.042,0.27,folk
0.312,0.388,0.659,0.000315,11,0.0943,-7.372,1,0.0308,143.554,0.401,folk
0.0846,0.717,0.455,0.0,5,0.11,-8.303,1,0.0276,127.812,0.389,folk
0.047,0.537,0.84,0.0,2,0.33,-4.799,1,0.0363,97.993,0.192,folk
0.473,0.537,0.757,0.0,3,0.341,-3.374,1,0.0274,103.882,0.421,folk
0.449,0.402,0.364,0.0508,5,0.162,-10.836,1,0.033,129.568,0.224,folk
0.439,0.508,0.594,9.71e-06,4,0.111,-9.034,0,0.0334,79.362,0.403,folk
0.428,0.6,0.548,0.0108,11,0.113,-9.653,1,0.0313,125.909,0.437,folk
0.295,0.547,0.486,0.00143,8,0.119,-9.941,1,0.14,80.338,0.338,folk
0.437,0.581,0.36,0.00583,8,0.0924,-13.174,1,0.029,132.466,0.107,folk
0.79,0.393,0.595,0.297,7,0.115,-9.825,0,0.0405,135.797,0.165,folk
0.64,0.322,0.534,0.0,9,0.691,-6.662,0,0.0316,150.418,0.271,folk
0.642,0.547,0.395,0.0,5,0.116,-5.363,1,0.0297,104.493,0.356,folk
0.137,0.518,0.809,0.000239,9,0.119,-5.451,0,0.0382,140.065,0.0957,folk
0.885,0.264,0.122,0.349,9,0.094,-15.399,1,0.0349,148.658,0.0735,folk
0.702,0.497,0.198,3.41e-05,0,0.08,-8.959,1,0.0362,133.895,0.152,folk
0.423,0.372,0.547,0.000279,2,0.278,-8.147,1,0.0292,95.341,0.388,folk
0.555,0.414,0.4,0.0252,0,0.113,-10.525,1,0.0295,105.839,0.171,folk
0.174,0.188,0.411,0.153,0,0.0843,-9.733,1,0.0484,187.376,0.159,folk
0.577,0.488,0.487,0.0,4,0.193,-6.371,1,0.0305,77.278,0.219,folk
0.652,0.43,0.587,8.86e-05,9,0.158,-8.003,1,0.0349,156.006,0.335,folk
0.105,0.607,0.43,0.0,9,0.106,-6.778,1,0.0251,128.398,0.289,folk
0.245,0.53,0.634,0.000601,2,0.0978,-5.759,1,0.0311,111.615,0.105,folk
0.101,0.56,0.681,0.0,2,0.0573,-4.875,1,0.0483,81.991,0.647,folk
0.896,0.596,0.253,5.17e-05,1,0.102,-14.369,0,0.0349,95.162,0.368,folk
0.811,0.618,0.155,3.3e-05,2,0.077,-17.031,1,0.0799,105.325,0.305,folk
0.71,0.514,0.489,0.0,0,0.37,-9.773,1,0.0972,106.465,0.784,folk
0.317,0.378,0.595,0.0292,0,0.161,-10.669,1,0.034,106.383,0.0961,folk
0.753,0.67,0.403,0.0903,0,0.0858,-10.623,1,0.031,129.984,0.622,folk
0.0133,0.546,0.878,0.0,7,0.135,-5.137,1,0.0525,119.945,0.35,folk
0.000486,0.515,0.848,0.0,9,0.0946,-4.835,1,0.0375,119.84,0.475,folk
0.107,0.359,0.649,0.0124,3,0.0555,-7.06,1,0.0349,111.709,0.133,folk
0.0206,0.457,0.757,0.0,1,0.146,-5.177,1,0.032,102.961,0.417,folk
0.042,0.379,0.878,0.00431,1,0.146,-4.338,0,0.0359,102.023,0.381,folk
0.105,0.52,0.655,0.00384,3,0.124,-6.519,1,0.0394,126.593,0.29,folk
0.0098,0.434,0.506,0.0228,7,0.0963,-6.627,1,0.029,110.068,0.151,folk
0.146,0.439,0.255,0.0,8,0.087,-10.221,1,0.0289,105.169,0.302,folk
0.867,0.625,0.836,0.00218,11,0.684,-6.416,0,0.383,142.749,0.92,folk
0.888,0.446,0.575,0.000105,5,0.183,-9.082,1,0.0371,119.78,0.827,folk
0.795,0.551,0.834,0.148,0,0.309,-5.238,1,0.0467,108.145,0.661,folk
0.827,0.295,0.678,0.0,7,0.429,-7.702,1,0.249,177.859,0.765,folk
0.74,0.345,0.304,0.0445,7,0.12,-14.549,1,0.0342,130.612,0.355,folk
0.778,0.556,0.0691,0.000125,10,0.938,-24.328,0,0.0784,125.61,0.273,folk
0.9,0.569,0.238,0.011,0,0.0996,-14.974,0,0.0301,112.054,0.378,folk
0.444,0.56,0.348,0.0,0,0.111,-11.478,1,0.0303,116.428,0.135,folk
0.0032,0.375,0.847,6.62e-06,9,0.108,-4.564,0,0.0781,138.252,0.619,folk
0.119,0.605,0.795,6.92e-06,0,0.125,-7.168,1,0.0294,105.81,0.581,folk
0.974,0.344,0.173,2.23e-06,2,0.0806,-11.199,1,0.0398,133.014,0.35,folk
0.817,0.396,0.565,1.61e-05,4,0.778,-8.659,1,0.033,112.116,0.426,folk
0.562,0.565,0.485,2.04e-06,9,0.217,-11.136,1,0.0539,117.781,0.918,folk
0.000282,0.908,0.621,5.39e-05,1,0.0958,-6.638,0,0.102,150.011,0.421,hip-hop
0.0332,0.754,0.449,8.29e-05,7,0.552,-9.211,1,0.109,77.169,0.357,hip-hop
0.00513,0.834,0.73,0.0,8,0.124,-3.714,1,0.222,155.008,0.446,hip-hop
0.0221,0.741,0.691,0.0,10,0.0476,-7.395,0,0.0672,150.087,0.892,hip-hop
0.0742,0.796,0.766,0.0,7,0.0827,-5.974,1,0.238,110.034,0.558,hip-hop
0.47,0.889,0.818,0.0,9,0.179,-4.639,1,0.253,96.063,0.782,hip-hop
0.0161,0.542,0.914,0.0,0,0.744,-4.747,0,0.113,153.993,0.576,hip-hop
0.16,0.816,0.775,0.00031,11,0.0543,-3.323,1,0.234,93.431,0.527,hip-hop
0.0102,0.833,0.434,0.0219,2,0.165,-8.795,1,0.431,150.062,0.281,hip-hop
0.0302,0.949,0.661,0.0,5,0.0454,-4.244,0,0.0572,104.504,0.76,hip-hop
0.0371,0.78,0.768,2.34e-06,6,0.518,-4.325,0,0.238,80.063,0.507,hip-hop
0.00286,0.908,0.669,0.0,7,0.237,-2.827,1,0.0738,112.238,0.662,hip-hop
0.0622,0.548,0.847,0.0,1,0.0816,-3.237,1,0.186,171.447,0.1,hip-hop
0.529,0.855,0.954,0.0,0,0.205,-1.19,0,0.264,114.635,0.668,hip-hop
0.47,0.889,0.818,0.0,9,0.179,-4.639,1,0.253,96.063,0.782,hip-hop
0.43,0.78,0.575,0.0,9,0.143,-7.247,0,0.273,84.492,0.773,hip-hop
0.145,0.901,0.697,0.0,9,0.287,-3.439,1,0.28,93.941,0.67,hip-hop
0.0304,0.763,0.85,1.21e-06,7,0.371,-3.052,1,0.0417,91.519,0.761,hip-hop
0.371,0.773,0.54,0.0,6,0.131,-7.123,1,0.103,84.115,0.322,hip-hop
0.00239,0.801,0.91,0.000891,2,0.0737,-6.566,1,0.225,87.277,0.805,hip-hop
0.0293,0.872,0.723,0.0,1,0.327,-5.968,1,0.247,93.279,0.843,hip-hop
0.0394,0.665,0.91,0.0,6,0.227,-4.682,0,0.223,84.099,0.887,hip-hop
0.274,0.678,0.794,1.68e-06,10,0.124,-6.186,0,0.14,87.374,0.54,hip-hop
0.555,0.512,0.514,0.00958,11,0.126,-11.562,0,0.387,181.033,0.565,hip-hop
0.0353,0.822,0.509,7.26e-06,8,0.771,-12.31,0,0.415,102.007,0.823,hip-hop
0.143,0.843,0.806,0.0,4,0.0771,-5.946,0,0.269,94.948,0.613,hip-hop
0.0555,0.746,0.978,4.11e-05,9,0.026,-5.324,1,0.0978,153.809,0.653,hip-hop
0.103,0.727,0.974,0.000532,4,0.174,-2.261,0,0.0664,79.526,0.965,hip-hop
0.00182,0.669,0.821,0.0,11,0.147,-4.37,0,0.29,94.895,0.684,hip-hop
0.16,0.816,0.775,0.00031,11,0.0543,-3.323,1,0.234,93.431,0.527,hip-hop
0.0827,0.924,0.74,0.0,8,0.163,-1.299,1,0.0774,133.974,0.621,hip-hop
0.0281,0.922,0.909,0.0,10,0.0856,-2.429,0,0.27,95.295,0.309,hip-hop
0.255,0.899,0.713,0.0,6,0.0708,-2.752,0,0.366,90.051,0.777,hip-hop
0.0521,0.712,0.772,4.35e-06,10,0.0368,-3.024,0,0.346,84.722,0.848,hip-hop
0.0253,0.613,0.574,3.13e-05,11,0.38,-7.961,1,0.467,125.18,0.755,hip-hop
0.0742,0.796,0.766,0.0,7,0.0827,-5.974,1,0.238,110.034,0.558,hip-hop
0.000282,0.908,0.621,5.39e-05,1,0.0958,-6.638,0,0.102,150.011,0.421,hip-hop
0.00454,0.638,0.523,0.0,1,0.0842,-6.664,1,0.357,139.913,0.422,hip-hop
0.0709,0.716,0.531,0.0,7,0.22,-7.355,1,0.157,71.972,0.335,hip-hop
0.00589,0.884,0.657,0.0,6,0.154,-4.569,0,0.0977,107.059,0.489,hip-hop
0.00625,0.693,0.445,0.000234,8,0.0899,-5.892,1,0.257,74.044,0.199,hip-hop
0.0161,0.542,0.914,0.0,0,0.744,-4.747,0,0.113,153.993,0.576,hip-hop
0.0056,0.617,0.716,0.0,1,0.408,-7.858,1,0.136,104.014,0.496,hip-hop
0.0195,0.629,0.696,0.0,1,0.0554,-5.572,0,0.348,93.034,0.623,hip-hop
0.219,0.374,0.568,0.00219,1,0.513,-3.825,0,0.109,84.733,0.111,hip-hop
0.0122,0.587,0.62,0.0,5,0.82,-6.133,0,0.042,79.928,0.106,hip-hop
0.614,0.637,0.834,0.0,3,0.317,-4.686,0,0.323,87.312,0.715,hip-hop
0.00513,0.834,0.73,0.0,8,0.124,-3.714,1,0.222,155.008,0.446,hip-hop
0.0847,0.841,0.728,0.0,7,0.149,-3.37,1,0.0484,130.049,0.43,hip-hop
0.00787,0.714,0.527,0.00015,1,0.124,-5.046,1,0.0322,131.046,0.123,hip-hop
0.0332,0.754,0.449,8.29e-05,7,0.552,-9.211,1,0.109,77.169,0.357,hip-hop
0.00258,0.891,0.628,0.00019,2,0.0504,-7.863,1,0.0551,134.966,0.552,hip-hop
0.00776,0.792,0.625,0.0018,1,0.329,-5.609,1,0.0536,103.967,0.37,hip-hop
0.0891,0.585,0.909,9.7e-05,8,0.119,-6.474,1,0.0707,93.372,0.758,hip-hop
0.0227,0.947,0.626,3.37e-06,1,0.0853,-10.106,1,0.205,100.6,0.724,hip-hop
0.185,0.917,0.692,1.09e-05,2,0.0686,-11.665,1,0.244,111.782,0.819,hip-hop
0.00484,0.797,0.582,2.04e-06,2,0.517,-12.97,1,0.255,105.974,0.415,hip-hop
0.0461,0.834,0.878,0.0,8,0.334,-9.484,1,0.15,102.848,0.418,hip-hop
0.0193,0.859,0.75,0.0,8,0.0538,-8.325,0,0.303,98.691,0.857,hip-hop
0.0953,0.603,0.762,1.53e-05,4,0.478,-7.744,0,0.285,94.726,0.379,hip-hop
0.19,0.888,0.632,0.0,1,0.101,-3.872,1,0.219,91.979,0.662,hip-hop
0.00643,0.464,0.687,2.47e-06,9,0.32,-7.623,1,0.0858,91.064,0.458,hip-hop
0.039,0.754,0.825,0.0,10,0.0744,-5.366,0,0.194,95.073,0.64,hip-hop
0.0564,0.88,0.577,1.02e-06,10,0.201,-8.093,0,0.301,90.993,0.74,hip-hop
0.0957,0.884,0.679,0.00209,10,0.0289,-5.857,0,0.282,76.993,0.591,hip-hop
0.00661,0.494,0.887,0.0,6,0.103,-4.297,0,0.398,89.554,0.548,hip-hop
0.0295,0.491,0.956,0.0,11,0.46,-1.538,1,0.392,173.585,0.811,hip-hop
0.0538,0.487,0.729,4.09e-06,2,0.44,-6.815,1,0.271,91.066,0.217,hip-hop
0.158,0.778,0.569,0.0,6,0.246,-9.985,0,0.378,135.958,0.642,hip-hop
0.0395,0.837,0.636,0.00125,1,0.342,-7.643,1,0.086,145.972,0.274,hip-hop
0.00908,0.703,0.709,0.0,9,0.127,-6.452,1,0.402,140.998,0.569,hip-hop
0.015,0.884,0.347,7e-06,8,0.0871,-8.227,0,0.35,75.016,0.376,hip-hop
0.0102,0.833,0.434,0.0219,2,0.165,-8.795,1,0.431,150.062,0.281,hip-hop
0.067,0.795,0.574,0.0,2,0.15,-6.903,0,0.487,142.053,0.537,hip-hop
0.168,0.745,0.617,0.0,6,0.389,-7.22,0,0.144,125.98,0.185,hip-hop
0.00264,0.732,0.75,0.0,11,0.109,-6.366,0,0.231,155.096,0.401,hip-hop
0.349,0.511,0.566,0.0,6,0.34,-7.23,0,0.2,83.903,0.218,hip-hop
0.0769,0.671,0.529,0.000335,0,0.0856,-7.226,1,0.307,161.989,0.203,hip-hop
0.0533,0.878,0.619,0.0,6,0.113,-5.56,1,0.102,136.041,0.639,hip-hop
0.124,0.585,0.52,7.75e-05,5,0.131,-6.136,0,0.0713,159.798,0.129,hip-hop
0.215,0.63,0.804,0.0,6,0.253,-4.183,1,0.0364,123.146,0.492,hip-hop
0.233,0.675,0.561,0.0,7,0.0793,-7.678,1,0.0352,130.098,0.309,hip-hop
0.194,0.729,0.625,0.00986,4,0.248,-5.266,1,0.0315,146.034,0.261,hip-hop
0.0114,0.791,0.582,0.0,11,0.35,-7.323,0,0.286,162.991,0.443,hip-hop
0.258,0.785,0.903,0.0,2,0.169,-4.184,1,0.21,139.98,0.565,hip-hop
0.0659,0.926,0.703,0.0,11,0.231,-6.337,0,0.103,125.022,0.485,hip-hop
0.0194,0.935,0.454,0.0,1,0.0824,-7.509,1,0.375,133.073,0.357,hip-hop
0.0252,0.843,0.741,0.0,11,0.096,-5.609,1,0.334,168.983,0.68,hip-hop
0.033,0.447,0.848,7.46e-05,2,0.65,-6.175,1,0.222,172.253,0.485,hip-hop
0.271,0.723,0.86,4.56e-06,11,0.598,-4.357,1,0.203,126.979,0.667,hip-hop
0.135,0.747,0.716,0.0,11,0.251,-2.457,0,0.0751,125.006,0.751,hip-hop
0.0668,0.964,0.605,7.78e-06,9,0.214,-6.223,1,0.179,129.996,0.646,hip-hop
0.00244,0.628,0.692,0.0129,2,0.668,-5.64,1,0.202,124.887,0.0963,hip-hop
0.111,0.902,0.582,3.18e-06,5,0.111,-5.902,0,0.109,107.005,0.332,hip-hop
0.0221,0.741,0.691,0.0,10,0.0476,-7.395,0,0.0672,150.087,0.892,hip-hop
0.0113,0.538,0.783,0.0,11,0.281,-2.565,0,0.222,75.388,0.553,hip-hop
0.00783,0.773,0.422,0.00693,1,0.129,-4.572,0,0.187,77.502,0.488,hip-hop
0.0852,0.897,0.662,0.0,1,0.534,-6.903,0,0.292,112.509,0.39,hip-hop
0.0127,0.59,0.618,0.0,1,0.244,-5.756,1,0.334,96.459,0.153,hip-hop
0.215,0.877,0.516,0.0,2,0.143,-5.426,0,0.0706,119.996,0.255,hip-hop
0.324,0.69,0.521,0.0,10,0.0534,-8.492,0,0.339,100.028,0.494,hip-hop
0.324,0.667,0.608,0.000198,1,0.426,-7.054,1,0.216,99.992,0.475,hip-hop
0.0697,0.495,0.722,0.0,6,0.113,-8.108,0,0.357,175.627,0.539,hip-hop
0.149,0.837,0.364,0.0,8,0.271,-11.713,1,0.276,123.984,0.463,hip-hop
0.0246,0.841,0.733,0.0,1,0.174,-5.077,1,0.142,130.009,0.284,hip-hop
0.0651,0.797,0.844,0.0,11,0.087,-5.482,1,0.275,170.142,0.52,hip-hop
0.0609,0.854,0.569,0.0816,5,0.1,-8.151,0,0.106,80.015,0.294,hip-hop
0.194,0.598,0.252,0.133,2,0.0992,-15.086,1,0.0644,120.064,0.0352,hip-hop
0.193,0.415,0.831,0.0,10,0.0768,-6.837,0,0.36,139.63,0.583,hip-hop
0.0239,0.853,0.693,0.0,1,0.11,-6.87,1,0.275,95.967,0.662,hip-hop
0.369,0.689,0.481,1.03e-06,10,0.0649,-7.503,1,0.0815,80.025,0.283,hip-hop
0.0331,0.794,0.523,0.0,8,0.156,-7.829,1,0.161,86.307,0.56,hip-hop
0.38,0.747,0.571,0.0,11,0.534,-7.916,1,0.478,172.104,0.553,hip-hop
0.156,0.777,0.778,1.08e-06,9,0.196,-6.349,1,0.136,109.925,0.437,hip-hop
0.737,0.559,0.716,0.0,11,0.252,-3.964,0,0.39,176.618,0.504,hip-hop
0.145,0.367,0.665,0.0,1,0.113,-2.821,1,0.0465,148.913,0.31,hip-hop
0.0515,0.79,0.647,0.0,10,0.248,-5.983,0,0.136,87.999,0.654,hip-hop
0.0011,0.766,0.809,0.0,1,0.168,-6.123,1,0.279,130.127,0.325,hip-hop
0.118,0.724,0.573,0.0,7,0.538,-4.113,1,0.0549,113.088,0.438,hip-hop
0.0114,0.552,0.846,0.0,9,0.309,-4.912,1,0.342,98.56,0.554,hip-hop
0.0381,0.639,0.628,0.0,6,0.386,-7.578,0,0.0398,90.482,0.43,hip-hop
0.0209,0.807,0.726,0.276,10,0.129,-8.435,0,0.252,96.12,0.616,hip-hop
0.0227,0.875,0.745,2.4e-06,1,0.287,-5.878,1,0.269,95.203,0.75,hip-hop
0.0146,0.763,0.786,0.0114,10,0.0817,-6.472,0,0.229,93.857,0.504,hip-hop
0.125,0.813,0.703,1.26e-06,11,0.237,-5.077,0,0.268,94.828,0.241,hip-hop
0.304,0.849,0.521,1.65e-06,11,0.115,-12.999,0,0.216,95.265,0.763,hip-hop
0.0455,0.677,0.539,1.84e-06,7,0.845,-14.439,1,0.063,95.116,0.469,hip-hop
0.039,0.819,0.624,0.0,11,0.101,-14.076,1,0.212,88.154,0.802,hip-hop
0.33,0.798,0.744,0.000106,7,0.292,-5.328,0,0.136,82.356,0.794,hip-hop
0.031,0.934,0.735,8.6e-06,1,0.107,-6.668,1,0.251,101.368,0.768,hip-hop
0.0977,0.747,0.52,0.0537,10,0.142,-10.523,0,0.0357,92.869,0.601,hip-hop
0.209,0.584,0.706,0.0,10,0.125,-7.899,0,0.366,174.039,0.579,hip-hop
0.00864,0.906,0.623,4.19e-06,1,0.0753,-6.711,0,0.303,99.498,0.715,hip-hop
0.443,0.82,0.809,0.00175,4,0.0613,-6.759,0,0.251,83.011,0.737,hip-hop
0.0964,0.794,0.614,0.0,5,0.0788,-5.352,0,0.0467,80.569,0.663,hip-hop
0.158,0.772,0.644,4.14e-06,10,0.366,-6.318,0,0.265,82.05,0.388,hip-hop
0.0275,0.67,0.496,0.0,5,0.104,-14.029,0,0.0907,166.758,0.713,hip-hop
0.0453,0.865,0.665,0.0,7,0.224,-6.289,1,0.073,111.113,0.331,hip-hop
0.279,0.924,0.791,0.0,0,0.0649,-5.401,1,0.0682,105.09,0.881,hip-hop
0.397,0.609,0.731,0.0,9,0.664,-6.846,1,0.322,91.778,0.685,hip-hop
0.0405,0.856,0.696,8.75e-06,6,0.0901,-3.51,1,0.226,89.738,0.718,hip-hop
0.0128,0.845,0.884,2.1e-06,6,0.203,-4.506,0,0.0759,104.536,0.904,hip-hop
0.145,0.901,0.697,0.0,9,0.287,-3.439,1,0.28,93.941,0.67,hip-hop
0.177,0.682,0.92,0.00158,10,0.0443,-1.544,1,0.278,82.228,0.835,hip-hop
0.533,0.797,0.75,0.108,0,0.095,-9.369,1,0.247,177.87,0.74,hip-hop
0.0778,0.884,0.677,0.0,1,0.0732,-5.603,1,0.283,101.868,0.584,hip-hop
0.0311,0.904,0.813,0.00697,4,0.0471,-7.105,0,0.121,125.461,0.81,hip-hop
0.0268,0.765,0.289,1.77e-06,4,0.562,-17.125,0,0.147,92.413,0.501,hip-hop
0.245,0.544,0.428,0.0,10,0.0899,-13.392,0,0.514,89.129,0.524,hip-hop
0.137,0.681,0.505,0.0,1,0.234,-11.709,1,0.138,89.953,0.399,hip-hop
0.0393,0.535,0.505,0.0,2,0.0923,-8.926,0,0.245,99.935,0.495,hip-hop
0.127,0.894,0.634,0.0,10,0.388,-7.311,0,0.355,90.113,0.8,hip-hop
0.0483,0.828,0.801,0.000961,10,0.281,-4.571,0,0.175,94.0,0.788,hip-hop
0.0903,0.759,0.756,2.36e-06,4,0.265,-8.145,0,0.266,87.059,0.613,hip-hop
0.0287,0.754,0.785,0.00144,10,0.319,-8.178,0,0.18,94.123,0.821,hip-hop
0.00304,0.812,0.6,7.79e-06,7,0.173,-9.414,1,0.253,97.338,0.557,hip-hop
0.184,0.866,0.534,0.266,11,0.0929,-9.201,1,0.229,98.243,0.841,hip-hop
0.112,0.795,0.596,0.000176,2,0.111,-14.003,1,0.342,101.78,0.618,hip-hop
0.706,0.532,0.151,0.00136,0,0.116,-17.266,1,0.0376,136.759,0.211,jazz
0.539,0.454,0.26,0.00078,8,0.0675,-13.193,0,0.0401,174.322,0.598,jazz
0.694,0.277,0.242,0.464,4,0.113,-18.442,1,0.0342,175.384,0.285,jazz
0.453,0.668,0.26,0.0,7,0.0621,-14.256,1,0.0523,119.416,0.368,jazz
0.951,0.611,0.24,0.773,7,0.0815,-16.534,0,0.0387,102.436,0.586,jazz
0.808,0.421,0.0162,0.0024,2,0.0978,-25.358,0,0.0388,110.479,0.154,jazz
0.813,0.551,0.49,0.0,4,0.0832,-7.713,0,0.0613,74.031,0.721,jazz
0.907,0.542,0.32,0.649,8,0.0609,-9.975,1,0.0387,116.648,0.206,jazz
0.916,0.175,0.0695,0.00199,6,0.137,-21.295,0,0.0345,167.004,0.0998,jazz
0.976,0.659,0.113,0.88,10,0.179,-16.756,0,0.0569,95.063,0.738,jazz
0.706,0.532,0.151,0.00136,0,0.116,-17.266,1,0.0376,136.759,0.211,jazz
0.539,0.454,0.26,0.00078,8,0.0675,-13.193,0,0.0401,174.322,0.598,jazz
0.694,0.277,0.242,0.464,4,0.113,-18.442,1,0.0342,175.384,0.285,jazz
0.453,0.668,0.26,0.0,7,0.0621,-14.256,1,0.0523,119.416,0.368,jazz
0.951,0.611,0.24,0.773,7,0.0815,-16.534,0,0.0387,102.436,0.586,jazz
0.808,0.421,0.0162,0.0024,2,0.0978,-25.358,0,0.0388,110.479,0.154,jazz
0.813,0.551,0.49,0.0,4,0.0832,-7.713,0,0.0613,74.031,0.721,jazz
0.907,0.542,0.32,0.649,8,0.0609,-9.975,1,0.0387,116.648,0.206,jazz
0.916,0.175,0.0695,0.00199,6,0.137,-21.295,0,0.0345,167.004,0.0998,jazz
0.976,0.659,0.113,0.88,10,0.179,-16.756,0,0.0569,95.063,0.738,jazz
0.982,0.64,0.27,0.122,8,0.141,-11.429,1,0.0702,124.323,0.55,jazz
0.984,0.461,0.15,0.000902,8,0.105,-13.531,1,0.051,97.902,0.188,jazz
0.785,0.685,0.472,0.284,9,0.224,-9.691,0,0.0298,80.487,0.475,jazz
0.905,0.292,0.012,0.164,10,0.0813,-21.638,0,0.0393,170.106,0.133,jazz
0.706,0.532,0.151,0.00136,0,0.116,-17.266,1,0.0376,136.759,0.211,jazz
0.808,0.421,0.0162,0.0024,2,0.0978,-25.358,0,0.0388,110.479,0.154,jazz
0.771,0.499,0.149,0.00469,0,0.115,-18.305,1,0.0314,139.815,0.363,jazz
0.662,0.629,0.278,0.000229,8,0.106,-12.229,1,0.0329,128.453,0.503,jazz
0.899,0.348,0.0219,0.112,2,0.0906,-21.065,0,0.0427,178.698,0.225,jazz
0.439,0.553,0.546,0.000557,9,0.167,-7.459,0,0.0341,118.214,0.7,jazz
0.694,0.277,0.242,0.464,4,0.113,-18.442,1,0.0342,175.384,0.285,jazz
0.485,0.37,0.586,1.96e-06,5,0.348,-13.468,0,0.0581,121.573,0.519,jazz
0.186,0.417,0.42,0.00111,0,0.185,-13.046,0,0.06,147.143,0.517,jazz
0.905,0.292,0.012,0.164,10,0.0813,-21.638,0,0.0393,170.106,0.133,jazz
0.936,0.464,0.305,0.0848,3,0.208,-12.435,0,0.0316,107.854,0.281,jazz
0.539,0.454,0.26,0.00078,8,0.0675,-13.193,0,0.0401,174.322,0.598,jazz
0.851,0.588,0.4,0.352,7,0.11,-11.914,0,0.036,113.615,0.468,jazz
0.0723,0.65,0.496,0.88,7,0.119,-13.869,1,0.115,116.868,0.615,jazz
0.989,0.313,0.0437,0.148,6,0.209,-22.627,1,0.0315,100.827,0.0625,jazz
0.982,0.64,0.27,0.122,8,0.141,-11.429,1,0.0702,124.323,0.55,jazz
0.944,0.426,0.145,1.74e-05,8,0.238,-12.006,1,0.0334,108.218,0.24,jazz
0.916,0.175,0.0695,0.00199,6,0.137,-21.295,0,0.0345,167.004,0.0998,jazz
0.913,0.443,0.104,0.0,0,0.191,-17.042,1,0.101,76.474,0.394,jazz
0.573,0.655,0.31,0.0,0,0.119,-13.4,1,0.0866,121.999,0.665,jazz
0.726,0.271,0.165,1.54e-06,5,0.118,-20.652,1,0.0351,77.082,0.202,jazz
0.875,0.52,0.0405,0.000301,0,0.0845,-16.396,1,0.0663,70.136,0.28,jazz
0.842,0.0,0.405,0.00114,0,0.198,-9.935,1,0.0,0.0,0.0,jazz
0.584,0.472,0.378,0.0,0,0.332,-14.141,1,0.118,178.306,0.717,jazz
0.768,0.535,0.258,8.95e-05,7,0.115,-9.499,0,0.033,110.953,0.281,jazz
0.719,0.544,0.425,0.0186,10,0.964,-10.231,1,0.0346,84.443,0.348,jazz
0.804,0.612,0.493,0.266,5,0.202,-8.589,0,0.0467,126.358,0.484,jazz
0.0634,0.41,0.761,0.532,5,0.0994,-8.036,1,0.111,155.267,0.418,jazz
0.89,0.579,0.223,0.848,5,0.105,-22.061,1,0.0412,88.809,0.531,jazz
0.987,0.464,0.0266,0.879,0,0.0836,-20.338,1,0.0532,132.972,0.0659,jazz
0.937,0.395,0.121,0.405,9,0.697,-23.427,1,0.0325,114.396,0.138,jazz
0.434,0.589,0.532,0.00157,0,0.0794,-12.021,1,0.0359,156.868,0.527,jazz
0.428,0.517,0.677,0.781,2,0.194,-13.486,1,0.034,127.611,0.561,jazz
0.749,0.515,0.583,0.000294,0,0.123,-8.182,0,0.0284,116.11,0.414,jazz
0.727,0.612,0.526,0.0331,0,0.183,-8.558,0,0.0272,129.341,0.594,jazz
0.104,0.581,0.672,0.856,8,0.0458,-8.279,1,0.0602,111.154,0.808,jazz
0.719,0.467,0.459,0.00312,0,0.0944,-9.706,0,0.0305,124.379,0.178,jazz
0.944,0.696,0.17,0.00174,5,0.106,-16.603,0,0.0385,130.966,0.52,jazz
0.912,0.501,0.186,0.00269,10,0.116,-17.522,1,0.0544,144.083,0.422,jazz
0.916,0.519,0.132,0.00106,0,0.246,-17.856,1,0.0478,127.214,0.376,jazz
0.794,0.742,0.671,0.00441,5,0.122,-8.142,0,0.0407,127.359,0.591,jazz
0.446,0.473,0.67,3.15e-06,8,0.0957,-7.756,1,0.0353,152.484,0.808,jazz
0.643,0.503,0.286,0.00112,8,0.156,-15.425,1,0.045,136.098,0.569,jazz
0.907,0.542,0.32,0.649,8,0.0609,-9.975,1,0.0387,116.648,0.206,jazz
0.41,0.465,0.35,0.279,3,0.135,-12.977,1,0.0403,93.336,0.62,jazz
0.959,0.461,0.131,0.885,10,0.187,-14.808,1,0.0295,65.902,0.109,jazz
0.272,0.503,0.284,0.0453,0,0.12,-15.59,1,0.0403,93.486,0.573,jazz
0.543,0.714,0.226,0.0255,7,0.593,-13.247,0,0.197,96.247,0.545,jazz
0.993,0.285,0.136,0.832,7,0.288,-12.604,0,0.0424,70.412,0.0452,jazz
0.867,0.434,0.6,0.451,5,0.111,-10.784,0,0.0286,106.511,0.753,jazz
0.988,0.437,0.23,0.717,0,0.309,-14.146,0,0.039,87.565,0.313,jazz
0.853,0.62,0.67,0.896,2,0.156,-11.575,0,0.0591,113.492,0.295,jazz
0.836,0.525,0.222,0.0799,10,0.051,-11.065,0,0.0373,156.364,0.645,jazz
0.453,0.668,0.26,0.0,7,0.0621,-14.256,1,0.0523,119.416,0.368,jazz
0.7,0.401,0.381,0.0,2,0.122,-7.458,1,0.0274,75.454,0.229,jazz
0.448,0.583,0.247,9.7e-06,1,0.107,-12.612,1,0.04,127.145,0.592,jazz
0.592,0.259,0.473,0.0,5,0.201,-8.275,1,0.0295,90.348,0.539,jazz
0.321,0.544,0.236,0.0,10,0.114,-13.193,1,0.0397,122.804,0.403,jazz
0.798,0.622,0.24,0.0,5,0.142,-14.067,0,0.0363,132.234,0.587,jazz
0.515,0.551,0.144,0.0,8,0.187,-13.883,0,0.0392,128.122,0.648,jazz
0.863,0.451,0.326,0.0,7,0.192,-9.239,0,0.0372,81.726,0.55,jazz
0.755,0.428,0.398,0.000537,6,0.172,-9.13,0,0.0295,88.886,0.365,jazz
0.411,0.795,0.764,0.0105,11,0.0912,-7.463,0,0.04,124.027,0.156,jazz
0.78,0.388,0.501,0.0,11,0.305,-11.296,0,0.0736,158.345,0.534,jazz
0.9,0.374,0.328,0.253,7,0.114,-16.09,0,0.0506,205.697,0.585,jazz
0.952,0.576,0.304,0.138,5,0.107,-13.893,0,0.0402,153.414,0.679,jazz
0.875,0.76,0.247,0.433,4,0.0978,-19.827,0,0.0521,107.602,0.443,jazz
0.966,0.733,0.265,0.868,2,0.0656,-15.661,1,0.0679,107.037,0.792,jazz
0.933,0.58,0.47,0.743,9,0.098,-8.787,0,0.168,202.376,0.738,jazz
0.991,0.611,0.172,0.897,8,0.11,-17.239,0,0.0596,99.58,0.31,jazz
0.726,0.869,0.597,0.859,2,0.0368,-8.685,1,0.0421,111.237,0.821,jazz
0.882,0.478,0.459,0.0174,7,0.115,-8.586,0,0.0586,175.424,0.623,jazz
0.532,0.475,0.689,0.00427,9,0.969,-9.351,0,0.054,117.407,0.823,jazz
0.954,0.781,0.275,0.905,0,0.153,-14.186,1,0.0792,106.289,0.792,jazz
0.982,0.417,0.397,0.804,5,0.185,-11.683,1,0.0558,201.162,0.737,jazz
0.282,0.449,0.697,0.00599,5,0.284,-9.96,0,0.0721,151.486,0.799,jazz
0.812,0.578,0.351,0.0,11,0.123,-12.432,0,0.101,122.75,0.476,jazz
0.976,0.21,0.214,0.000959,5,0.366,-14.454,1,0.0376,183.416,0.14,jazz
0.973,0.38,0.155,1.7e-05,1,0.0977,-11.977,1,0.0311,94.23,0.127,jazz
0.97,0.18,0.0774,0.00015,3,0.112,-18.449,1,0.035,82.2,0.0528,jazz
0.92,0.349,0.182,0.0152,5,0.143,-13.507,1,0.031,136.094,0.178,jazz
0.686,0.425,0.373,0.0,4,0.077,-7.543,1,0.0801,78.231,0.663,jazz
0.791,0.206,0.148,1.3e-06,8,0.0785,-19.178,1,0.0324,81.652,0.14,jazz
0.971,0.275,0.0895,0.0221,2,0.108,-19.755,0,0.0374,104.144,0.111,jazz
0.952,0.241,0.237,0.0,1,0.113,-12.201,1,0.0371,174.578,0.303,jazz
0.909,0.561,0.466,0.0269,7,0.858,-12.85,1,0.236,94.019,0.626,jazz
0.121,0.633,0.416,0.594,7,0.111,-13.802,0,0.0451,70.72,0.497,jazz
0.521,0.351,0.514,0.277,10,0.1,-9.092,0,0.0349,99.133,0.172,jazz
0.357,0.658,0.501,0.0211,11,0.0727,-8.174,0,0.0333,91.744,0.528,jazz
0.857,0.404,0.446,0.885,11,0.0845,-16.982,0,0.0352,136.242,0.474,jazz
0.683,0.353,0.612,0.0518,5,0.133,-14.958,1,0.05,148.092,0.305,jazz
0.705,0.471,0.446,0.441,8,0.18,-12.842,0,0.0315,107.248,0.488,jazz
0.767,0.348,0.629,0.883,1,0.112,-10.629,1,0.045,154.098,0.474,jazz
0.407,0.519,0.379,0.288,9,0.161,-14.368,1,0.0353,139.749,0.598,jazz
0.787,0.541,0.186,0.914,9,0.0905,-21.91,0,0.0324,136.965,0.762,jazz
0.398,0.43,0.55,0.8,10,0.117,-13.87,0,0.0472,156.731,0.503,jazz
0.373,0.53,0.511,0.00319,10,0.73,-11.252,1,0.0421,144.005,0.668,jazz
0.724,0.502,0.312,0.00453,1,0.0839,-12.822,1,0.122,169.891,0.544,jazz
0.767,0.591,0.432,0.371,5,0.982,-9.288,0,0.0766,86.84,0.507,jazz
0.919,0.701,0.393,0.384,5,0.0964,-9.868,1,0.155,75.908,0.791,jazz
0.849,0.447,0.794,0.933,5,0.107,-4.499,0,0.153,172.949,0.569,jazz
0.985,0.692,0.191,0.844,5,0.163,-13.891,0,0.0416,95.05,0.687,jazz
0.829,0.719,0.34,0.893,8,0.154,-13.352,1,0.0308,113.897,0.713,jazz
0.476,0.682,0.752,0.863,2,0.0768,-9.521,1,0.0454,81.081,0.964,jazz
0.475,0.835,0.765,0.0692,1,0.12,-7.831,1,0.0681,110.282,0.855,jazz
0.205,0.77,0.319,0.000151,10,0.0687,-17.098,0,0.0579,117.232,0.863,jazz
0.724,0.653,0.743,0.943,11,0.0595,-9.051,0,0.042,107.016,0.869,jazz
0.334,0.627,0.385,0.0,9,0.182,-13.655,0,0.0537,205.726,0.766,jazz
0.482,0.589,0.516,0.0374,5,0.101,-11.994,1,0.0332,103.709,0.532,jazz
0.441,0.269,0.447,0.747,10,0.13,-12.713,1,0.0457,152.744,0.402,jazz
0.699,0.58,0.299,0.00386,10,0.0805,-13.03,1,0.0269,93.037,0.364,jazz
0.836,0.436,0.18,0.536,9,0.111,-20.058,0,0.0288,95.655,0.153,jazz
0.927,0.54,0.0874,0.000122,5,0.146,-15.428,1,0.112,88.924,0.161,jazz
0.753,0.713,0.639,0.0,2,0.0878,-5.529,0,0.0313,125.959,0.737,jazz
0.152,0.615,0.733,0.0,8,0.109,-4.808,1,0.0335,122.58,0.796,jazz
0.39,0.686,0.688,1.03e-06,6,0.0924,-4.981,0,0.0254,123.125,0.493,jazz
0.851,0.745,0.219,1.8e-05,5,0.0678,-11.216,1,0.0276,88.609,0.635,jazz
0.902,0.436,0.141,2.81e-06,0,0.126,-13.271,1,0.0308,76.64,0.146,jazz
0.941,0.526,0.299,0.097,8,0.106,-13.797,1,0.031,156.848,0.679,jazz
0.81,0.58,0.351,0.000476,2,0.0676,-11.587,1,0.0305,150.456,0.355,jazz
0.978,0.379,0.0462,0.000931,0,0.0912,-14.719,1,0.0445,80.641,0.147,jazz
0.966,0.277,0.168,0.495,10,0.111,-14.341,0,0.0329,82.2,0.258,jazz
0.96,0.658,0.0542,0.106,8,0.106,-19.427,1,0.0596,90.138,0.345,jazz
0.852,0.287,0.265,0.0,7,0.178,-11.329,1,0.0272,88.08,0.263,jazz
0.704,0.598,0.571,0.0,8,0.513,-12.616,0,0.139,173.141,0.962,jazz
0.833,0.556,0.61,2.22e-06,9,0.258,-4.729,1,0.213,199.373,0.665,jazz
0.502,0.408,0.374,0.0,6,0.365,-12.717,0,0.0571,152.073,0.74,jazz
0.852,0.287,0.265,0.0,7,0.178,-11.329,1,0.0272,88.08,0.263,jazz
0.964,0.496,0.0688,0.00229,4,0.112,-14.927,0,0.0545,119.898,0.161,jazz
0.963,0.58,0.0545,0.000265,9,0.0967,-14.594,0,0.0473,123.341,0.177,jazz
0.886,0.108,0.283,0.000444,11,0.0779,-13.472,0,0.0318,66.134,0.0812,jazz
0.955,0.313,0.078,4.48e-06,0,0.169,-17.583,1,0.0332,128.065,0.125,jazz
0.941,0.306,0.098,0.0508,7,0.0974,-17.247,1,0.032,110.333,0.0966,jazz
0.976,0.659,0.113,0.88,10,0.179,-16.756,0,0.0569,95.063,0.738,jazz
0.951,0.48,0.0834,0.795,1,0.301,-12.202,1,0.0919,81.978,0.791,jazz
0.984,0.565,0.372,0.927,11,0.317,-10.768,1,0.114,77.638,0.896,jazz
0.957,0.356,0.0937,0.096,8,0.209,-16.64,0,0.0353,86.669,0.278,jazz
0.168,0.369,0.566,0.000947,0,0.0909,-8.904,0,0.0406,99.718,0.651,jazz
0.0639,0.392,0.683,0.000599,8,0.392,-9.654,1,0.125,115.934,0.593,jazz
0.457,0.518,0.159,0.0724,5,0.175,-16.645,0,0.06,63.841,0.351,jazz
0.957,0.356,0.0937,0.096,8,0.209,-16.64,0,0.0353,86.669,0.278,jazz
0.972,0.575,0.175,0.91,0,0.0548,-14.281,0,0.0868,199.532,0.856,jazz
0.986,0.593,0.103,0.6,10,0.12,-14.961,1,0.081,66.283,0.443,jazz
0.93,0.451,0.549,0.0404,0,0.705,-10.176,1,0.0409,105.099,0.665,jazz
0.653,0.344,0.422,0.216,4,0.0699,-11.909,0,0.0451,125.104,0.467,jazz
0.897,0.566,0.245,0.00238,1,0.134,-16.919,1,0.0636,168.766,0.781,jazz
0.725,0.583,0.376,0.251,6,0.0642,-10.914,1,0.0433,120.713,0.614,jazz
0.933,0.268,0.0368,0.0522,0,0.888,-23.97,1,0.0338,63.577,0.214,jazz
0.782,0.566,0.313,0.00145,5,0.0657,-14.823,0,0.0561,117.624,0.481,jazz
0.684,0.402,0.206,0.00135,5,0.107,-19.784,0,0.0465,168.31,0.427,jazz
0.636,0.55,0.212,2.61e-06,0,0.114,-17.898,0,0.0526,62.497,0.398,jazz
0.56,0.525,0.303,0.0693,8,0.0481,-16.001,1,0.0353,97.235,0.452,jazz
0.186,0.751,0.38,0.0,2,0.0453,-13.227,1,0.0349,98.659,0.738,jazz
0.437,0.757,0.413,0.592,5,0.687,-10.313,1,0.0512,119.741,0.803,jazz
0.109,0.851,0.651,1.2e-05,5,0.124,-11.515,0,0.0601,115.992,0.942,jazz
0.19,0.623,0.867,0.161,8,0.266,-5.843,1,0.0382,96.717,0.823,jazz
0.251,0.562,0.31,0.000506,2,0.33,-14.807,1,0.275,195.873,0.684,jazz
0.0907,0.611,0.776,0.133,8,0.951,-10.391,1,0.0748,106.603,0.656,jazz
0.974,0.238,0.0536,0.948,0,0.106,-28.218,1,0.0515,68.031,0.116,jazz
0.564,0.688,0.72,0.000744,7,0.0464,-10.796,1,0.0449,109.516,0.96,jazz
0.695,0.414,0.397,0.0134,9,0.8,-12.625,1,0.0531,125.298,0.331,jazz
0.952,0.349,0.207,0.694,4,0.0988,-20.612,1,0.0355,114.142,0.51,jazz
0.147,0.457,0.776,0.676,9,0.689,-10.238,0,0.142,129.896,0.476,jazz
0.0285,0.386,0.917,0.897,11,0.878,-8.089,0,0.103,127.315,0.568,jazz
0.0642,0.426,0.754,0.765,4,0.701,-9.125,0,0.074,167.42,0.228,jazz
0.085,0.309,0.837,0.621,2,0.143,-8.135,1,0.131,114.757,0.388,jazz
0.292,0.544,0.701,0.0233,10,0.312,-10.553,1,0.103,89.837,0.386,jazz
0.578,0.581,0.662,0.952,9,0.1,-8.285,0,0.0993,80.74,0.709,jazz
0.0904,0.402,0.557,0.883,0,0.173,-12.786,0,0.0358,130.5,0.648,jazz
0.249,0.28,0.78,6.06e-05,3,0.254,-9.031,1,0.0732,107.655,0.655,jazz
0.459,0.458,0.439,0.41,7,0.0798,-15.449,1,0.0491,108.521,0.689,jazz
0.246,0.474,0.405,0.0169,10,0.113,-14.925,1,0.0885,130.68,0.511,jazz
0.171,0.316,0.458,1.62e-05,0,0.101,-12.459,0,0.0449,166.847,0.831,jazz
0.886,0.507,0.726,0.341,5,0.154,-11.719,0,0.0375,127.825,0.751,jazz
0.00143,0.513,0.73,9.54e-05,1,0.0897,-5.94,1,0.0598,171.001,0.334,pop
0.581,0.825,0.652,0.0,1,0.0931,-3.183,0,0.0802,95.977,0.931,pop
0.328,0.701,0.425,0.13,7,0.1,-10.965,1,0.375,135.128,0.562,pop
0.00883,0.702,0.825,0.0,6,0.0674,-3.787,0,0.0601,102.977,0.915,pop
0.0647,0.647,0.8,0.0,7,0.334,-5.384,1,0.165,160.078,0.942,pop
0.119,0.851,0.806,1.72e-06,4,0.121,-4.618,1,0.0787,119.001,0.774,pop
0.142,0.638,0.831,0.0,8,0.113,-5.039,1,0.049,124.071,0.649,pop
0.00801,0.856,0.609,8.15e-05,0,0.0344,-7.223,1,0.0824,114.988,0.928,pop
0.33,0.578,0.43,0.0,5,0.0854,-6.134,0,0.0305,78.991,0.288,pop
0.00492,0.671,0.771,7.28e-06,7,0.354,-4.821,0,0.0316,90.003,0.436,pop
0.00143,0.513,0.73,9.54e-05,1,0.0897,-5.94,1,0.0598,171.001,0.334,pop
0.581,0.825,0.652,0.0,1,0.0931,-3.183,0,0.0802,95.977,0.931,pop
0.328,0.701,0.425,0.13,7,0.1,-10.965,1,0.375,135.128,0.562,pop
0.00883,0.702,0.825,0.0,6,0.0674,-3.787,0,0.0601,102.977,0.915,pop
0.0647,0.647,0.8,0.0,7,0.334,-5.384,1,0.165,160.078,0.942,pop
0.119,0.851,0.806,1.72e-06,4,0.121,-4.618,1,0.0787,119.001,0.774,pop
0.142,0.638,0.831,0.0,8,0.113,-5.039,1,0.049,124.071,0.649,pop
0.00801,0.856,0.609,8.15e-05,0,0.0344,-7.223,1,0.0824,114.988,0.928,pop
0.33,0.578,0.43,0.0,5,0.0854,-6.134,0,0.0305,78.991,0.288,pop
0.00492,0.671,0.771,7.28e-06,7,0.354,-4.821,0,0.0316,90.003,0.436,pop
0.122,0.548,0.816,0.0,0,0.335,-4.209,1,0.0465,95.39,0.557,pop
0.447,0.584,0.455,0.0,11,0.113,-6.211,0,0.0276,107.055,0.367,pop
0.0856,0.673,0.722,0.0,3,0.137,-3.495,0,0.0755,117.187,0.519,pop
0.0303,0.654,0.776,3.09e-06,4,0.0992,-4.818,0,0.0391,108.082,0.274,pop
0.00162,0.636,0.888,0.000216,8,0.147,-3.889,1,0.0945,122.032,0.25,pop
0.0422,0.773,0.758,0.0,1,0.305,-4.993,1,0.0381,144.033,0.925,pop
0.622,0.801,0.546,0.175,10,0.153,-12.501,0,0.0626,110.026,0.501,pop
0.0173,0.932,0.457,0.0436,11,0.0414,-9.62,0,0.0541,117.002,0.884,pop
0.0318,0.771,0.687,0.000225,11,0.89,-9.814,1,0.0693,118.392,0.783,pop
0.0242,0.776,0.711,0.000353,3,0.234,-9.03,0,0.0473,138.728,0.901,pop
0.00462,0.787,0.889,0.423,8,0.0665,-3.786,1,0.0397,114.091,0.394,pop
0.247,0.853,0.981,0.468,8,0.306,-3.947,1,0.0751,118.193,0.595,pop
0.174,0.518,0.901,0.0314,9,0.0712,-3.749,1,0.093,115.026,0.873,pop
0.152,0.771,0.655,0.00197,3,0.0685,-10.842,0,0.0372,119.747,0.97,pop
0.432,0.66,0.629,7.3e-05,5,0.172,-12.359,1,0.0387,111.926,0.324,pop
0.0039,0.649,0.647,0.161,9,0.0686,-7.695,0,0.0452,125.02,0.405,pop
0.304,0.724,0.822,1.38e-05,1,0.0553,-4.374,0,0.0333,99.9,0.964,pop
0.0249,0.774,0.838,0.025,5,0.242,-3.914,0,0.114,143.04,0.924,pop
0.202,0.759,0.699,0.000131,0,0.443,-5.745,0,0.0307,92.96,0.907,pop
0.3,0.751,0.834,1.77e-05,1,0.355,-5.444,0,0.0437,95.053,0.894,pop
0.073,0.724,0.695,0.0,11,0.0889,-5.226,1,0.0622,139.0,0.235,pop
0.00314,0.695,0.921,5.26e-05,0,0.0842,-3.752,1,0.0363,119.007,0.714,pop
0.119,0.851,0.806,1.72e-06,4,0.121,-4.618,1,0.0787,119.001,0.774,pop
0.0264,0.822,0.739,4.28e-05,1,0.181,-4.541,0,0.0311,118.99,0.745,pop
0.00327,0.587,0.828,0.0,11,0.331,-5.108,1,0.161,123.907,0.493,pop
0.371,0.577,0.385,0.0,7,0.231,-6.362,1,0.03,95.82,0.331,pop
0.021,0.672,0.855,0.0,9,0.323,-3.764,1,0.0397,123.056,0.646,pop
0.0647,0.647,0.8,0.0,7,0.334,-5.384,1,0.165,160.078,0.942,pop
0.103,0.76,0.703,0.0,5,0.0913,-5.412,1,0.054,95.997,0.57,pop
0.121,0.633,0.648,2.62e-06,4,0.161,-6.645,1,0.062,96.888,0.49,pop
0.117,0.552,0.702,2.06e-05,9,0.105,-5.707,1,0.157,169.994,0.564,pop
0.135,0.626,0.79,3.97e-06,2,0.0989,-4.302,1,0.0311,119.082,0.416,pop
0.0871,0.652,0.802,6.45e-06,7,0.148,-6.114,1,0.181,170.157,0.295,pop
0.0584,0.706,0.691,6.99e-05,0,0.0232,-4.775,1,0.0633,118.048,0.632,pop
0.407,0.53,0.422,0.0,5,0.107,-6.262,1,0.0342,119.964,0.349,pop
0.00112,0.652,0.698,0.000115,10,0.0886,-4.667,0,0.042,96.021,0.47,pop
0.00143,0.513,0.73,9.54e-05,1,0.0897,-5.94,1,0.0598,171.001,0.334,pop
0.0212,0.679,0.825,1.21e-05,0,0.543,-5.487,1,0.0309,118.049,0.644,pop
0.141,0.679,0.587,6.35e-06,7,0.137,-7.015,1,0.276,186.003,0.486,pop
0.113,0.705,0.769,0.0,9,0.105,-5.526,0,0.0425,107.949,0.583,pop
0.342,0.52,0.731,0.00101,6,0.311,-5.338,0,0.0557,173.93,0.662,pop
0.122,0.548,0.816,0.0,0,0.335,-4.209,1,0.0465,95.39,0.557,pop
0.0237,0.676,0.771,7e-06,8,0.102,-3.675,1,0.0483,99.048,0.569,pop
0.00883,0.702,0.825,0.0,6,0.0674,-3.787,0,0.0601,102.977,0.915,pop
0.0123,0.793,0.793,0.0,11,0.0951,-4.521,0,0.083,123.95,0.679,pop
0.00261,0.762,0.7,1.56e-05,9,0.153,-6.021,0,0.0694,116.073,0.608,pop
0.0137,0.647,0.844,0.000658,0,0.102,-3.756,1,0.0457,146.967,0.746,pop
0.0383,0.426,0.584,0.0,1,0.192,-5.293,1,0.296,193.438,0.272,pop
0.273,0.422,0.712,0.0,11,0.051,-5.907,0,0.1,78.454,0.471,pop
0.00238,0.664,0.759,0.0,2,0.0598,-6.583,0,0.209,99.252,0.701,pop
0.0368,0.78,0.689,9.69e-06,7,0.0698,-5.668,1,0.141,115.042,0.642,pop
0.00906,0.585,0.828,0.0,1,0.0426,-4.603,1,0.124,174.034,0.584,pop
0.00124,0.562,0.709,0.0,11,0.109,-4.92,0,0.0424,91.958,0.401,pop
0.025,0.735,0.766,0.00141,1,0.108,-4.485,1,0.0384,127.975,0.6,pop
0.0341,0.834,0.669,7.18e-05,6,0.0535,-5.582,0,0.0637,122.669,0.547,pop
0.945,0.621,0.31,6.12e-05,9,0.117,-10.164,0,0.0283,111.881,0.125,pop
0.581,0.825,0.652,0.0,1,0.0931,-3.183,0,0.0802,95.977,0.931,pop
0.163,0.599,0.448,0.0,8,0.106,-6.312,1,0.0232,95.05,0.168,pop
0.0451,0.807,0.893,2.79e-05,11,0.366,-3.745,0,0.0347,126.011,0.537,pop
0.474,0.781,0.445,0.0,2,0.184,-6.061,1,0.0295,78.998,0.591,pop
0.00492,0.671,0.771,7.28e-06,7,0.354,-4.821,0,0.0316,90.003,0.436,pop
0.142,0.638,0.831,0.0,8,0.113,-5.039,1,0.049,124.071,0.649,pop
0.00314,0.647,0.585,0.0,6,0.165,-6.123,1,0.0512,131.934,0.353,pop
0.0038,0.789,0.753,0.0,0,0.18,-3.71,1,0.0537,125.007,0.403,pop
0.591,0.777,0.317,0.0,1,0.0881,-10.732,0,0.308,139.848,0.33,pop
0.227,0.72,0.654,0.0,1,0.101,-5.634,1,0.0647,106.976,0.411,pop
0.0528,0.649,0.736,0.0,6,0.235,-5.84,0,0.23,159.182,0.612,pop
0.04,0.699,0.713,3.11e-06,9,0.294,-5.507,0,0.0594,121.993,0.354,pop
0.0797,0.655,0.76,0.0,0,0.299,-3.669,0,0.045,99.947,0.409,pop
0.835,0.609,0.378,0.0,4,0.28,-9.828,1,0.438,100.43,0.515,pop
0.0401,0.728,0.859,0.0,5,0.111,-5.237,0,0.137,65.043,0.535,pop
0.59,0.845,0.567,0.00142,5,0.0811,-8.118,0,0.0956,125.02,0.793,pop
0.0383,0.591,0.764,0.0,1,0.103,-5.484,1,0.0483,169.928,0.478,pop
0.00801,0.856,0.609,8.15e-05,0,0.0344,-7.223,1,0.0824,114.988,0.928,pop
0.034,0.818,0.803,0.0,1,0.153,-4.282,1,0.0797,106.97,0.632,pop
0.049,0.726,0.698,0.0,5,0.309,-4.165,1,0.0431,143.994,0.867,pop
0.138,0.73,0.769,0.0,8,0.0473,-5.114,1,0.0298,104.948,0.507,pop
0.33,0.578,0.43,0.0,5,0.0854,-6.134,0,0.0305,78.991,0.288,pop
0.893,0.556,0.319,0.0,9,0.0996,-8.251,1,0.0281,135.187,0.294,pop
0.00408,0.603,0.67,1.68e-06,2,0.112,-3.882,0,0.0249,107.993,0.446,pop
0.0142,0.59,0.833,5.4e-06,5,0.105,-6.503,0,0.0615,94.963,0.538,pop
0.328,0.701,0.425,0.13,7,0.1,-10.965,1,0.375,135.128,0.562,pop
0.767,0.332,0.225,0.00349,0,0.128,-8.697,1,0.0348,81.055,0.297,pop
0.902,0.704,0.225,0.657,6,0.106,-14.454,0,0.0994,120.006,0.243,pop
0.768,0.561,0.431,1.42e-05,10,0.106,-8.81,1,0.0578,143.875,0.137,pop
0.335,0.563,0.664,0.0,9,0.0849,-5.044,1,0.154,166.928,0.688,pop
0.154,0.484,0.53,0.0,5,0.263,-5.821,1,0.0538,136.848,0.323,pop
0.358,0.543,0.87,0.000939,9,0.792,-6.514,1,0.0428,100.804,0.754,pop
0.295,0.749,0.748,0.000443,2,0.469,-7.011,1,0.0323,137.547,0.827,pop
0.163,0.684,0.675,0.0,11,0.242,-8.123,1,0.0257,107.064,0.924,pop
0.02,0.749,0.491,0.00899,10,0.159,-9.655,1,0.0403,119.528,0.536,pop
0.395,0.445,0.949,8.18e-06,2,0.0902,-4.682,1,0.0471,147.604,0.653,pop
0.032,0.703,0.827,0.00636,10,0.179,-7.179,0,0.0343,103.564,0.944,pop
0.0263,0.733,0.795,0.000952,1,0.083,-7.224,0,0.0249,109.121,0.892,pop
0.107,0.633,0.357,0.0,5,0.133,-9.366,0,0.0264,104.938,0.672,pop
0.101,0.768,0.864,0.0,11,0.162,-6.149,1,0.0324,110.009,0.891,pop
0.0148,0.726,0.676,1.48e-06,1,0.0837,-6.22,1,0.0476,107.022,0.76,pop
0.0106,0.555,0.993,0.0318,1,0.403,-5.067,1,0.0462,124.018,0.683,pop
0.257,0.689,0.694,0.0,6,0.148,-5.83,0,0.027,99.039,0.482,pop
0.0352,0.731,0.853,0.0,10,0.268,-4.219,0,0.0363,108.016,0.605,pop
0.275,0.804,0.801,3.29e-05,0,0.215,-4.892,1,0.0305,98.12,0.826,pop
0.031,0.61,0.926,0.0012,8,0.0821,-4.843,0,0.0479,172.638,0.861,pop
0.0407,0.636,0.873,1.27e-06,0,0.0372,-4.672,0,0.071,165.071,0.908,pop
0.0123,0.666,0.83,0.0,0,0.191,-5.715,1,0.0751,113.03,0.702,pop
0.0584,0.967,0.583,0.0,7,0.0519,-5.562,0,0.0789,117.0,0.964,pop
0.234,0.574,0.512,0.0,5,0.0946,-6.664,0,0.0503,76.899,0.512,pop
0.558,0.604,0.462,1.05e-06,0,0.131,-7.053,1,0.0614,60.26,0.378,pop
0.0188,0.743,0.752,0.0,4,0.287,-4.813,1,0.0414,110.015,0.545,pop
0.237,0.794,0.832,1.14e-05,1,0.203,-4.862,0,0.0407,107.657,0.871,pop
0.0062,0.758,0.871,0.0,2,0.0663,-6.408,1,0.147,126.994,0.753,pop
0.0263,0.766,0.563,0.683,9,0.115,-7.516,0,0.0339,126.007,0.964,pop
0.216,0.744,0.621,0.00119,5,0.104,-7.931,1,0.242,128.105,0.701,pop
0.0082,0.652,0.917,0.0,6,0.0509,-6.72,1,0.0548,132.975,0.459,pop
0.0495,0.593,0.923,0.0,0,0.29,-6.19,1,0.101,124.862,0.587,pop
0.0227,0.77,0.775,0.00262,9,0.297,-9.571,0,0.0495,116.935,0.802,pop
0.22,0.71,0.799,0.000602,6,0.349,-4.897,1,0.0328,120.372,0.725,pop
0.487,0.726,0.449,1.34e-06,0,0.0824,-9.206,1,0.0286,130.388,0.294,pop
0.283,0.581,0.643,2.23e-06,2,0.0923,-8.525,0,0.0334,153.049,0.787,pop
0.0094,0.887,0.48,3.58e-05,11,0.0662,-11.994,1,0.117,95.846,0.607,pop
0.243,0.673,0.863,3.23e-05,5,0.0601,-10.352,1,0.0451,91.703,0.938,pop
0.271,0.62,0.573,0.0,0,0.0607,-11.893,1,0.0423,81.548,0.897,pop
0.189,0.735,0.478,2.48e-06,2,0.355,-12.472,1,0.0293,107.682,0.947,pop
0.207,0.709,0.824,0.000307,1,0.0888,-8.824,1,0.0453,118.818,0.867,pop
0.178,0.761,0.739,3.35e-06,6,0.23,-3.591,1,0.0369,118.997,0.656,pop
0.484,0.502,0.305,3.55e-06,9,0.117,-16.011,1,0.0339,131.242,0.248,pop
0.0178,0.665,0.847,0.00288,5,0.126,-8.314,0,0.0535,119.555,0.4,pop
0.0411,0.527,0.834,0.00599,5,0.105,-5.767,0,0.0474,179.92,0.381,pop
0.209,0.633,0.8,0.000123,1,0.137,-6.945,1,0.166,175.716,0.913,pop
0.578,0.456,0.573,3.05e-06,5,0.114,-3.866,0,0.0275,76.19,0.0992,pop
0.235,0.435,0.92,0.000353,4,0.552,-1.357,0,0.201,188.899,0.45,pop
0.0572,0.585,0.776,7.74e-06,5,0.3,-5.898,1,0.0459,77.987,0.427,pop
6.79e-05,0.487,0.9,0.0,0,0.358,-4.417,1,0.0482,149.937,0.484,pop
0.000722,0.56,0.959,0.000221,7,0.209,-2.433,1,0.102,163.983,0.669,pop
0.00165,0.662,0.741,0.0303,0,0.114,-5.406,1,0.0334,131.0,0.404,pop
0.046,0.562,0.939,0.0,0,0.112,-4.282,1,0.0475,116.044,0.684,pop
0.0991,0.755,0.837,0.0,2,0.289,-2.718,0,0.142,120.028,0.714,pop
0.135,0.747,0.716,0.0,11,0.251,-2.457,0,0.0751,125.006,0.751,pop
0.271,0.723,0.86,4.56e-06,11,0.598,-4.357,1,0.203,126.979,0.667,pop
0.0668,0.964,0.605,7.78e-06,9,0.214,-6.223,1,0.179,129.996,0.646,pop
0.0472,0.628,0.698,0.00143,6,0.0907,-5.608,0,0.105,89.976,0.732,pop
0.0197,0.399,0.787,6.07e-05,1,0.0685,-2.88,1,0.0499,117.089,0.572,pop
0.0117,0.421,0.791,1.48e-05,9,0.146,-4.998,1,0.0496,130.075,0.499,pop
0.219,0.647,0.822,0.0,5,0.0908,-4.662,0,0.183,160.019,0.962,pop
0.00334,0.853,0.599,7.93e-06,7,0.0759,-4.756,1,0.0411,119.993,0.843,pop
0.0426,0.794,0.811,1.07e-06,6,0.101,-8.966,0,0.038,116.047,0.862,pop
0.0114,0.782,0.58,2.28e-06,7,0.108,-6.548,1,0.0407,120.021,0.66,pop
0.131,0.699,0.776,5.36e-06,0,0.205,-5.282,1,0.0293,103.963,0.708,pop
0.0736,0.791,0.694,1.75e-06,6,0.0958,-4.332,0,0.0335,123.508,0.826,pop
0.257,0.675,0.586,0.0,9,0.104,-6.086,1,0.0531,107.015,0.621,pop
0.0036,0.744,0.789,0.00144,9,0.0947,-4.876,0,0.059,116.985,0.866,pop
0.0349,0.812,0.587,2.64e-06,5,0.123,-4.483,0,0.0477,123.041,0.664,pop
0.261,0.749,0.729,0.0,6,0.113,-3.19,0,0.0321,111.004,0.816,pop
0.117,0.552,0.702,2.06e-05,9,0.105,-5.707,1,0.157,169.994,0.564,pop
0.502,0.504,0.386,1.53e-05,11,0.0961,-10.976,1,0.0308,192.004,0.281,pop
0.123,0.701,0.751,0.0,0,0.15,-8.39,1,0.0502,129.994,0.22,pop
0.00161,0.699,0.805,0.00177,4,0.249,-5.535,0,0.0345,109.976,0.232,pop
0.582,0.626,0.63,0.0,4,0.13,-3.834,1,0.0377,147.029,0.421,pop
0.154,0.484,0.53,0.0,5,0.263,-5.821,1,0.0538,136.848,0.323,pop
0.078,0.745,0.663,0.0,1,0.213,-5.056,1,0.423,167.137,0.686,pop
0.264,0.787,0.673,3.35e-06,11,0.0904,-4.583,0,0.159,110.962,0.779,pop
0.259,0.764,0.705,8.92e-05,8,0.12,-3.463,1,0.0284,110.97,0.781,pop
0.0888,0.824,0.764,0.00294,5,0.117,-4.175,0,0.0854,107.998,0.881,pop
0.44,0.761,0.525,6.7e-06,11,0.0921,-6.9,1,0.0944,80.87,0.531,pop
0.034,0.796,0.798,4.19e-05,1,0.0952,-6.312,1,0.0317,116.032,0.942,pop
0.0746,0.667,0.75,0.000198,0,0.197,-4.602,1,0.0906,126.041,0.486,pop
0.00383,0.561,0.965,7.07e-06,7,0.371,-3.673,0,0.0343,128.04,0.304,pop
0.0138,0.719,0.454,4.83e-06,2,0.318,-7.384,1,0.0707,131.007,0.224,pop
0.588,0.413,0.42,6.39e-05,0,0.11,-6.444,1,0.0416,84.126,0.185,pop
0.447,0.741,0.52,1.97e-06,8,0.222,-7.513,1,0.0656,102.998,0.347,pop
0.0379,0.759,0.548,0.0,9,0.0828,-6.049,0,0.0289,116.963,0.75,pop
0.184,0.765,0.523,3.56e-05,2,0.132,-4.333,1,0.03,104.988,0.394,pop
0.0151,0.752,0.754,0.0,1,0.0486,-6.684,1,0.0615,149.789,0.755,pop
0.107,0.443,0.82,0.0,10,0.107,-4.091,0,0.34,82.697,0.771,pop
0.414,0.748,0.524,0.0,8,0.111,-5.599,1,0.0338,95.01,0.661,pop
0.156,0.533,0.869,0.00538,11,0.136,-5.093,1,0.173,159.805,0.425,pop
0.0112,0.746,0.765,0.0,6,0.0936,-4.41,0,0.0993,114.044,0.737,pop
0.00323,0.759,0.459,0.0,8,0.0788,-5.187,1,0.0948,109.997,0.695,pop
0.131,0.699,0.776,5.36e-06,0,0.205,-5.282,1,0.0293,103.963,0.708,pop
0.0502,0.7,0.582,0.0,11,0.0881,-5.96,0,0.0356,116.712,0.785,pop
0.0187,0.742,0.757,0.0,6,0.305,-4.981,1,0.0421,139.982,0.957,pop
0.2,0.747,0.507,0.0608,2,0.117,-10.171,1,0.0358,104.978,0.438,pop
0.0452,0.893,0.4,0.0823,11,0.0632,-7.981,0,0.0643,124.987,0.945,pop
0.144,0.7,0.425,0.879,7,0.083,-12.531,1,0.0529,110.015,0.521,pop
0.0969,0.58,0.714,0.0,8,0.16,-6.924,1,0.117,76.496,0.522,pop
0.19,0.787,0.775,6.54e-05,1,0.113,-6.614,1,0.0548,118.998,0.787,pop
0.0615,0.645,0.646,3.04e-05,5,0.074,-8.334,1,0.0427,115.842,0.295,pop
0.0292,0.936,0.887,1.88e-06,9,0.0582,-2.76,0,0.0683,127.003,0.889,pop
0.0107,0.898,0.472,0.0,1,0.141,-7.001,1,0.0776,101.061,0.214,pop
0.0973,0.852,0.697,0.00037,1,0.0678,-5.52,0,0.0439,138.029,0.919,pop
0.0633,0.722,0.709,0.0,9,0.0804,-4.95,1,0.0273,81.012,0.604,pop
0.151,0.472,0.471,0.0,10,0.14,-5.692,1,0.0603,105.029,0.219,pop
0.199,0.561,0.604,1.9e-05,9,0.104,-4.409,1,0.0337,159.92,0.242,pop
0.246,0.635,0.601,0.0,1,0.11,-6.129,0,0.0295,123.994,0.332,pop
0.159,0.898,0.365,9.28e-06,0,0.132,-10.452,1,0.0462,98.53,0.563,reggae
0.00916,0.826,0.49,4.41e-06,9,0.0415,-10.477,1,0.0676,74.128,0.627,reggae
0.608,0.671,0.255,0.0,7,0.0737,-10.743,1,0.0387,115.873,0.694,reggae
0.111,0.776,0.561,0.0,6,0.067,-8.375,0,0.103,122.246,0.743,reggae
0.143,0.929,0.463,5.3e-06,9,0.0634,-8.651,1,0.308,124.084,0.755,reggae
0.36,0.916,0.72,0.00016,0,0.0958,-8.548,1,0.1,103.314,0.761,reggae
0.233,0.767,0.7,0.0,5,0.049,-4.358,0,0.334,77.93,0.863,reggae
0.157,0.688,0.487,0.00304,9,0.0488,-8.256,1,0.174,146.035,0.926,reggae
0.0294,0.786,0.803,0.0,0,0.224,-6.59,1,0.205,173.029,0.949,reggae
0.236,0.781,0.722,0.000398,7,0.077,-8.376,1,0.0667,87.858,0.533,reggae
0.106,0.974,0.403,0.00207,2,0.0786,-12.943,1,0.273,121.97,0.755,reggae
0.119,0.957,0.226,0.0358,8,0.0796,-14.606,1,0.0594,102.072,0.768,reggae
0.00217,0.857,0.298,1.08e-05,1,0.209,-15.611,1,0.0616,89.124,0.825,reggae
0.0982,0.8,0.56,0.0289,8,0.0753,-9.546,1,0.0413,95.904,0.796,reggae
0.459,0.805,0.418,0.0,7,0.288,-14.374,1,0.0978,149.737,0.966,reggae
0.0597,0.932,0.359,0.0,11,0.136,-12.958,0,0.0944,127.153,0.906,reggae
0.7,0.399,0.212,0.000434,5,0.116,-16.03,1,0.0747,137.76,0.149,reggae
0.634,0.679,0.575,0.0,1,0.165,-8.037,1,0.0715,102.588,0.79,reggae
0.184,0.801,0.435,0.0,10,0.0904,-9.33,1,0.0448,146.459,0.953,reggae
0.222,0.843,0.528,2.62e-06,10,0.0752,-12.474,1,0.0448,128.491,0.961,reggae
0.106,0.649,0.581,0.0,8,0.0321,-12.161,1,0.0432,148.887,0.984,reggae
0.183,0.825,0.62,0.0,2,0.0822,-6.083,1,0.211,150.243,0.744,reggae
0.068,0.71,0.589,4.38e-06,0,0.176,-11.933,1,0.167,144.601,0.65,reggae
0.191,0.701,0.412,4.08e-06,6,0.2,-9.826,0,0.0295,152.227,0.786,reggae
0.0503,0.876,0.282,4.59e-05,7,0.0741,-12.618,1,0.319,130.958,0.801,reggae
0.00527,0.785,0.561,8.78e-05,10,0.0456,-7.783,0,0.0523,129.027,0.614,reggae
0.0719,0.855,0.473,2.71e-05,11,0.0795,-9.846,0,0.146,139.175,0.682,reggae
0.0531,0.84,0.393,1.8e-05,10,0.0512,-12.423,0,0.303,145.656,0.751,reggae
0.36,0.916,0.72,0.00016,0,0.0958,-8.548,1,0.1,103.314,0.761,reggae
0.00916,0.826,0.49,4.41e-06,9,0.0415,-10.477,1,0.0676,74.128,0.627,reggae
0.0682,0.671,0.513,0.0,5,0.0674,-9.598,0,0.366,154.187,0.94,reggae
0.159,0.898,0.365,9.28e-06,0,0.132,-10.452,1,0.0462,98.53,0.563,reggae
0.608,0.671,0.255,0.0,7,0.0737,-10.743,1,0.0387,115.873,0.694,reggae
0.36,0.916,0.72,0.00016,0,0.0958,-8.548,1,0.1,103.314,0.761,reggae
0.111,0.776,0.561,0.0,6,0.067,-8.375,0,0.103,122.246,0.743,reggae
0.143,0.929,0.463,5.3e-06,9,0.0634,-8.651,1,0.308,124.084,0.755,reggae
0.233,0.767,0.7,0.0,5,0.049,-4.358,0,0.334,77.93,0.863,reggae
0.107,0.935,0.479,5.16e-05,11,0.118,-10.981,0,0.306,123.643,0.773,reggae
0.028,0.767,0.46,2.09e-05,8,0.0633,-11.489,1,0.332,78.802,0.803,reggae
0.0301,0.868,0.744,0.00495,7,0.172,-8.565,1,0.0502,132.838,0.961,reggae
0.00342,0.779,0.408,0.000146,7,0.253,-9.205,1,0.22,127.942,0.433,reggae
0.0503,0.876,0.282,4.59e-05,7,0.0741,-12.618,1,0.319,130.958,0.801,reggae
0.34,0.801,0.641,4.5e-05,8,0.0693,-9.355,1,0.173,96.96,0.741,reggae
0.157,0.688,0.487,0.00304,9,0.0488,-8.256,1,0.174,146.035,0.926,reggae
0.0184,0.918,0.37,0.00166,11,0.0802,-11.807,0,0.0564,131.884,0.49,reggae
0.0117,0.706,0.591,0.000514,9,0.136,-8.513,1,0.0321,142.233,0.845,reggae
0.0309,0.623,0.848,0.00797,4,0.401,-7.594,0,0.0518,127.014,0.128,reggae
0.068,0.71,0.589,4.38e-06,0,0.176,-11.933,1,0.167,144.601,0.65,reggae
0.00156,0.865,0.654,1.53e-06,7,0.0543,-8.113,1,0.0731,127.513,0.706,reggae
0.0299,0.749,0.849,0.000168,4,0.115,-5.761,0,0.0544,145.169,0.959,reggae
0.0315,0.757,0.489,6.26e-05,4,0.103,-9.672,0,0.0628,136.435,0.805,reggae
0.319,0.462,0.918,0.191,7,0.0504,-6.194,1,0.0799,191.503,0.871,reggae
0.0224,0.3,0.877,3.69e-06,7,0.959,-5.238,1,0.13,73.945,0.721,reggae
0.039,0.824,0.366,0.106,7,0.0403,-10.96,1,0.145,73.949,0.895,reggae
0.122,0.87,0.299,0.0514,10,0.0926,-13.409,1,0.248,75.895,0.933,reggae
0.0234,0.807,0.564,0.00106,7,0.176,-7.834,1,0.0858,82.165,0.704,reggae
0.151,0.686,0.76,0.0123,7,0.0806,-5.875,1,0.036,144.462,0.852,reggae
0.7,0.399,0.212,0.000434,5,0.116,-16.03,1,0.0747,137.76,0.149,reggae
0.634,0.679,0.575,0.0,1,0.165,-8.037,1,0.0715,102.588,0.79,reggae
0.208,0.895,0.571,0.0,1,0.0781,-8.636,1,0.0501,128.171,0.933,reggae
0.0139,0.81,0.618,0.000254,7,0.0296,-10.581,1,0.0382,120.063,0.804,reggae
0.0184,0.782,0.386,0.0,2,0.0525,-15.443,1,0.0302,105.849,0.904,reggae
0.00106,0.888,0.401,0.0,1,0.322,-12.852,1,0.0495,110.421,0.723,reggae
0.101,0.866,0.564,0.0994,9,0.0977,-7.554,1,0.0902,101.683,0.876,reggae
0.184,0.801,0.435,0.0,10,0.0904,-9.33,1,0.0448,146.459,0.953,reggae
0.0344,0.599,0.564,0.689,8,0.233,-7.793,1,0.0766,75.095,0.665,reggae
0.833,0.831,0.583,0.414,3,0.184,-10.345,1,0.0301,109.634,0.968,reggae
0.0597,0.932,0.359,0.0,11,0.136,-12.958,0,0.0944,127.153,0.906,reggae
0.00719,0.864,0.347,0.0124,3,0.0619,-10.206,1,0.216,74.467,0.725,reggae
0.0624,0.681,0.713,0.0,7,0.0565,-6.736,1,0.105,73.618,0.893,reggae
0.183,0.825,0.62,0.0,2,0.0822,-6.083,1,0.211,150.243,0.744,reggae
0.0329,0.842,0.755,4.98e-05,10,0.0936,-5.023,0,0.0426,141.06,0.977,reggae
0.0326,0.683,0.653,8.42e-06,9,0.0578,-7.586,0,0.113,143.224,0.501,reggae
0.247,0.52,0.309,0.0,7,0.0985,-10.708,1,0.0308,97.567,0.822,reggae
0.71,0.814,0.57,1.81e-05,8,0.0795,-4.289,1,0.115,79.401,0.827,reggae
0.364,0.84,0.535,0.0141,5,0.0722,-9.366,1,0.0644,79.716,0.885,reggae
0.213,0.888,0.306,0.0,0,0.0535,-12.753,1,0.0728,79.885,0.602,reggae
0.106,0.649,0.581,0.0,8,0.0321,-12.161,1,0.0432,148.887,0.984,reggae
0.222,0.843,0.528,2.62e-06,10,0.0752,-12.474,1,0.0448,128.491,0.961,reggae
0.265,0.777,0.458,0.00295,11,0.0423,-12.358,1,0.0841,99.05,0.961,reggae
0.502,0.617,0.516,0.0,3,0.0748,-12.331,1,0.0467,159.488,0.967,reggae
0.218,0.703,0.393,0.0,0,0.216,-12.995,1,0.0778,165.902,0.659,reggae
0.686,0.793,0.378,0.232,7,0.102,-14.106,1,0.0667,106.867,0.798,reggae
0.181,0.955,0.324,0.05,0,0.0756,-15.105,1,0.211,122.211,0.96,reggae
0.459,0.805,0.418,0.0,7,0.288,-14.374,1,0.0978,149.737,0.966,reggae
0.141,0.742,0.42,0.0,8,0.094,-14.677,1,0.0792,149.734,0.973,reggae
0.0498,0.751,0.473,0.00133,6,0.0896,-10.641,0,0.242,164.889,0.424,reggae
0.33,0.699,0.775,0.0,0,0.121,-5.936,1,0.123,82.058,0.58,reggae
0.14,0.755,0.251,0.0,2,0.194,-17.467,0,0.0912,79.916,0.837,reggae
0.332,0.817,0.271,0.0,0,0.0755,-16.549,1,0.554,153.659,0.57,reggae
0.0192,0.804,0.577,0.884,1,0.0955,-11.39,1,0.0441,131.968,0.429,reggae
0.194,0.812,0.738,0.275,9,0.0765,-4.61,0,0.112,77.279,0.937,reggae
0.0447,0.789,0.674,0.948,8,0.133,-8.266,0,0.0509,133.104,0.929,reggae
0.519,0.885,0.599,0.88,10,0.0799,-5.273,0,0.0716,133.098,0.752,reggae
0.122,0.789,0.502,3.29e-05,9,0.0694,-11.898,0,0.0564,140.292,0.898,reggae
0.321,0.696,0.476,5.3e-05,2,0.0831,-12.709,1,0.113,134.808,0.816,reggae
0.0913,0.709,0.375,5.49e-05,9,0.114,-14.439,0,0.0955,132.088,0.869,reggae
0.0326,0.8,0.548,0.0054,1,0.0633,-16.243,1,0.0528,134.942,0.925,reggae
0.000339,0.806,0.282,0.655,6,0.0866,-17.538,0,0.0473,137.301,0.821,reggae
0.0432,0.712,0.561,0.0,2,0.286,-11.238,1,0.203,79.757,0.601,reggae
0.0176,0.846,0.564,0.026,4,0.0713,-10.915,0,0.0981,131.25,0.708,reggae
0.462,0.683,0.736,1.81e-05,6,0.775,-10.53,0,0.0361,88.243,0.822,reggae
0.161,0.883,0.733,0.00026,11,0.334,-9.153,0,0.128,95.107,0.946,reggae
0.0961,0.95,0.554,0.0,8,0.226,-10.329,1,0.0744,136.537,0.909,reggae
0.224,0.802,0.82,0.0,2,0.293,-9.196,1,0.0334,128.955,0.977,reggae
0.00954,0.874,0.491,0.00629,6,0.0484,-7.737,0,0.121,74.099,0.364,reggae
0.0141,0.889,0.453,0.000205,4,0.202,-8.598,0,0.221,100.358,0.437,reggae
0.188,0.818,0.705,0.00791,1,0.1,-7.685,1,0.141,147.318,0.458,reggae
0.000907,0.686,0.641,0.0,5,0.157,-14.832,0,0.0525,144.448,0.841,reggae
0.0179,0.759,0.345,0.0,2,0.307,-11.683,1,0.0679,82.961,0.68,reggae
0.000914,0.744,0.501,1.67e-05,9,0.0518,-14.759,1,0.0604,160.073,0.801,reggae
0.464,0.645,0.609,0.0,10,0.105,-9.45,0,0.508,90.762,0.631,reggae
0.82,0.569,0.646,9.87e-06,0,0.422,-13.675,1,0.281,96.572,0.923,reggae
0.0287,0.778,0.594,0.0,4,0.054,-11.156,0,0.333,179.967,0.596,reggae
0.0187,0.835,0.612,0.0,5,0.1,-7.73,1,0.148,145.867,0.646,reggae
0.0231,0.82,0.683,0.0,4,0.217,-7.686,1,0.0613,134.916,0.795,reggae
0.0633,0.789,0.801,0.0,9,0.0989,-8.87,1,0.0472,138.084,0.942,reggae
0.231,0.585,0.851,0.0,9,0.426,-5.252,1,0.432,78.576,0.881,reggae
0.0447,0.854,0.526,0.0,0,0.0947,-8.33,1,0.158,137.949,0.695,reggae
0.0208,0.836,0.661,0.0,7,0.449,-6.502,0,0.338,76.71,0.753,reggae
0.123,0.724,0.696,0.0,1,0.106,-6.326,1,0.201,93.607,0.433,reggae
0.206,0.794,0.636,0.0179,4,0.0805,-8.093,0,0.0416,124.214,0.304,reggae
0.00119,0.556,0.881,0.0,7,0.0709,-2.224,1,0.082,104.973,0.337,reggae
0.0573,0.782,0.687,0.0,11,0.0718,-6.69,1,0.109,97.014,0.802,reggae
0.0136,0.743,0.576,0.0,9,0.0613,-6.244,0,0.163,77.958,0.628,reggae
0.0291,0.624,0.873,0.0,9,0.0371,-4.355,1,0.407,155.624,0.718,reggae
0.014,0.496,0.786,0.0,1,0.639,-6.05,0,0.318,153.448,0.731,reggae
0.203,0.861,0.405,0.0,6,0.103,-8.84,0,0.0532,116.831,0.54,reggae
0.105,0.687,0.614,1.58e-06,11,0.134,-5.486,0,0.0427,152.037,0.71,reggae
0.0258,0.92,0.319,0.0,4,0.105,-7.965,0,0.0372,113.986,0.439,reggae
0.0333,0.803,0.536,1.34e-05,9,0.175,-5.14,1,0.0386,126.038,0.592,reggae
0.156,0.663,0.697,0.0224,0,0.0663,-9.442,1,0.0473,166.001,0.744,reggae
0.0154,0.625,0.686,0.0499,9,0.0932,-8.337,0,0.0309,139.817,0.556,reggae
0.0104,0.76,0.702,0.0,10,0.38,-9.404,0,0.0716,92.324,0.659,reggae
0.0101,0.647,0.825,0.0,6,0.101,-6.939,0,0.0492,108.988,0.936,reggae
0.0268,0.682,0.765,3.42e-05,1,0.188,-5.021,0,0.0395,90.807,0.567,reggae
0.00877,0.804,0.696,0.000985,7,0.314,-7.47,1,0.0899,95.721,0.657,reggae
0.0623,0.69,0.681,0.0,9,0.137,-5.653,1,0.0379,75.034,0.911,reggae
0.0149,0.753,0.484,0.0,9,0.135,-7.519,1,0.258,79.668,0.597,reggae
0.00469,0.761,0.687,0.00532,7,0.245,-6.185,1,0.131,95.089,0.316,reggae
0.0854,0.801,0.548,0.000232,11,0.387,-5.482,0,0.0516,92.059,0.627,reggae
0.0362,0.708,0.757,0.0,7,0.17,-5.121,1,0.0791,80.976,0.552,reggae
0.00532,0.746,0.665,0.000804,2,0.155,-6.106,1,0.0963,79.022,0.751,reggae
0.0294,0.786,0.803,0.0,0,0.224,-6.59,1,0.205,173.029,0.949,reggae
0.236,0.781,0.722,0.000398,7,0.077,-8.376,1,0.0667,87.858,0.533,reggae
0.0422,0.734,0.924,9.87e-06,1,0.224,-3.335,0,0.165,170.58,0.907,reggae
0.0738,0.551,0.677,0.0,10,0.0473,-8.695,0,0.0576,166.037,0.869,reggae
0.0128,0.714,0.825,0.000569,11,0.049,-5.447,0,0.0751,94.074,0.751,reggae
0.00875,0.69,0.889,1.03e-05,4,0.0904,-5.074,0,0.0595,125.958,0.538,reggae
0.0514,0.757,0.791,0.000186,0,0.0895,-6.706,1,0.049,98.008,0.821,reggae
0.242,0.867,0.538,1.75e-05,2,0.316,-16.183,1,0.361,158.328,0.781,reggae
0.0561,0.853,0.606,0.0,0,0.313,-4.596,1,0.072,94.753,0.653,reggae
0.116,0.74,0.766,0.0,6,0.0406,-2.939,1,0.178,170.531,0.807,reggae
0.485,0.849,0.832,0.0,0,0.343,-7.83,1,0.128,124.558,0.939,reggae
0.0624,0.753,0.516,0.0,10,0.269,-5.582,1,0.0812,85.996,0.673,reggae
0.106,0.951,0.6,0.0,0,0.0712,-4.675,0,0.0685,125.04,0.822,reggae
0.145,0.95,0.803,0.0,1,0.0748,-4.195,1,0.151,117.0,0.86,reggae
0.141,0.778,0.761,4.6e-05,2,0.0441,-5.529,1,0.0525,107.288,0.923,reggae
0.0811,0.757,0.78,0.0,1,0.113,-5.038,1,0.319,97.917,0.589,reggae
0.103,0.765,0.666,0.0,7,0.116,-5.384,1,0.172,87.002,0.757,reggae
0.000624,0.718,0.776,5.3e-06,7,0.207,-5.208,0,0.0693,120.015,0.622,reggae
0.664,0.624,0.451,0.0,2,0.308,-8.676,1,0.563,89.032,0.831,reggae
0.000755,0.741,0.79,0.0,2,0.0345,-5.056,1,0.284,185.779,0.806,reggae
0.321,0.69,0.62,2.81e-05,8,0.0889,-3.583,1,0.06,66.859,0.497,reggae
0.73,0.608,0.568,0.0,8,0.191,-8.185,1,0.349,119.841,0.47,reggae
0.0462,0.58,0.683,0.0,1,0.199,-5.754,1,0.0454,82.161,0.639,reggae
0.0919,0.649,0.746,0.0,10,0.054,-3.707,1,0.218,89.668,0.565,reggae
0.034,0.644,0.762,0.0,11,0.122,-2.192,1,0.317,58.736,0.889,reggae
0.086,0.627,0.617,0.0,5,0.215,-5.314,0,0.31,178.406,0.88,reggae
0.0552,0.782,0.744,1.42e-05,7,0.701,-6.164,1,0.0806,81.067,0.7,reggae
0.429,0.911,0.565,0.0,9,0.0802,-6.209,0,0.0718,96.012,0.751,reggae
0.0686,0.796,0.675,0.0,8,0.0286,-6.382,1,0.0916,148.104,0.935,reggae
0.16,0.798,0.73,0.0,1,0.215,-5.992,0,0.0966,92.0,0.91,reggae
0.0748,0.739,0.658,2.14e-06,0,0.101,-5.462,1,0.0762,77.999,0.707,reggae
0.0199,0.684,0.627,0.0,8,0.131,-7.032,1,0.0578,140.074,0.831,reggae
0.0337,0.907,0.638,1.69e-05,10,0.0725,-7.917,0,0.256,99.958,0.789,reggae
0.0466,0.501,0.675,0.0,10,0.147,-6.782,0,0.265,98.823,0.643,reggae
0.178,0.856,0.721,2.14e-05,6,0.0913,-6.813,0,0.0779,100.98,0.902,reggae
0.149,0.779,0.72,0.0,6,0.212,-4.702,0,0.2,94.021,0.62,reggae
0.118,0.754,0.638,0.0,5,0.204,-7.951,0,0.303,90.137,0.437,reggae
0.156,0.758,0.786,0.0,4,0.0658,-4.897,0,0.108,83.495,0.786,reggae
0.37,0.475,0.815,0.0,2,0.107,-4.698,1,0.301,103.987,0.479,reggae
0.309,0.602,0.504,0.000331,4,0.0648,-10.048,0,0.0297,181.964,0.492,reggae
0.419,0.903,0.408,0.00249,0,0.0545,-9.425,1,0.19,125.815,0.736,reggae
0.0222,0.812,0.639,0.156,6,0.0856,-8.116,0,0.0612,135.165,0.905,reggae
0.0639,0.792,0.415,0.0,9,0.076,-8.979,1,0.117,74.332,0.699,reggae
0.239,0.835,0.648,6.14e-05,9,0.0484,-10.355,1,0.201,91.72,0.819,reggae
0.0496,0.787,0.53,2.17e-05,6,0.177,-8.715,0,0.0957,81.589,0.863,reggae
0.0343,0.827,0.601,2.67e-05,11,0.0565,-8.828,1,0.0636,97.548,0.83,reggae
0.218,0.837,0.666,5.33e-06,2,0.134,-7.187,1,0.132,96.083,0.78,reggae
0.0638,0.891,0.399,2.06e-05,4,0.0842,-10.087,0,0.348,133.217,0.822,reggae
0.133,0.779,0.488,1.89e-05,11,0.0643,-9.612,0,0.231,135.87,0.853,reggae
0.067,0.704,0.38,2.96e-06,10,0.0765,-12.16,1,0.423,76.298,0.711,reggae
0.163,0.906,0.587,1.52e-06,9,0.0433,-8.176,0,0.223,142.103,0.751,reggae
0.0901,0.932,0.611,0.00156,9,0.0467,-8.278,1,0.0853,125.238,0.77,reggae
0.191,0.904,0.431,0.00179,11,0.0928,-10.14,0,0.116,127.57,0.751,reggae
0.12,0.901,0.478,1.05e-05,0,0.165,-7.39,1,0.237,121.244,0.828,reggae
0.271,0.411,0.404,0.0,0,0.3,-9.928,0,0.0511,71.068,0.226,rock
0.58,0.338,0.34,0.0032,9,0.116,-12.049,0,0.0339,82.433,0.197,rock
2.55e-05,0.502,0.912,0.000173,1,0.106,-4.556,1,0.0564,116.761,0.72,rock
0.011,0.31,0.7,0.00965,9,0.0828,-5.678,1,0.047,188.386,0.763,rock
0.15,0.472,0.366,0.312,11,0.0837,-12.595,0,0.0286,127.163,0.171,rock
0.0026,0.569,0.838,0.00836,6,0.0628,-8.421,0,0.0302,123.299,0.615,rock
0.09,0.445,0.952,0.0843,6,0.112,-5.321,1,0.0522,125.304,0.624,rock
0.061,0.574,0.913,0.00158,6,0.156,-4.793,0,0.133,115.728,0.423,rock
0.397,0.392,0.476,0.000163,1,0.309,-7.583,1,0.0249,78.031,0.234,rock
0.0493,0.464,0.795,0.00244,1,0.399,-9.267,1,0.0926,158.691,0.612,rock
0.271,0.411,0.404,0.0,0,0.3,-9.928,0,0.0511,71.068,0.226,rock
0.58,0.338,0.34,0.0032,9,0.116,-12.049,0,0.0339,82.433,0.197,rock
2.55e-05,0.502,0.912,0.000173,1,0.106,-4.556,1,0.0564,116.761,0.72,rock
0.011,0.31,0.7,0.00965,9,0.0828,-5.678,1,0.047,188.386,0.763,rock
0.15,0.472,0.366,0.312,11,0.0837,-12.595,0,0.0286,127.163,0.171,rock
0.0026,0.569,0.838,0.00836,6,0.0628,-8.421,0,0.0302,123.299,0.615,rock
0.09,0.445,0.952,0.0843,6,0.112,-5.321,1,0.0522,125.304,0.624,rock
0.061,0.574,0.913,0.00158,6,0.156,-4.793,0,0.133,115.728,0.423,rock
0.397,0.392,0.476,0.000163,1,0.309,-7.583,1,0.0249,78.031,0.234,rock
0.0493,0.464,0.795,0.00244,1,0.399,-9.267,1,0.0926,158.691,0.612,rock
0.00165,0.619,0.67,0.0109,11,0.331,-10.322,0,0.0353,129.269,0.777,rock
0.00889,0.349,0.985,0.561,10,0.36,-5.676,0,0.122,151.007,0.322,rock
0.00287,0.532,0.767,0.000513,7,0.39,-5.509,1,0.0574,127.361,0.755,rock
0.05,0.294,0.745,0.125,5,0.676,-9.138,1,0.0461,134.364,0.347,rock
0.0263,0.551,0.914,1.35e-05,0,0.347,-4.063,0,0.0465,119.994,0.543,rock
0.0607,0.699,0.502,0.0337,9,0.317,-12.526,1,0.0278,105.267,0.676,rock
0.00255,0.438,0.805,5.69e-05,8,0.0842,-6.237,1,0.0624,113.253,0.564,rock
0.00016,0.5,0.824,0.00161,4,0.0916,-5.846,0,0.0388,120.125,0.539,rock
0.011,0.31,0.7,0.00965,9,0.0828,-5.678,1,0.047,188.386,0.763,rock
0.061,0.574,0.913,0.00158,6,0.156,-4.793,0,0.133,115.728,0.423,rock
0.000147,0.502,0.89,0.0117,4,0.217,-5.175,1,0.0364,133.52,0.259,rock
0.00532,0.389,0.873,0.0055,4,0.273,-4.768,0,0.0475,106.767,0.303,rock
0.000239,0.457,0.904,0.0879,2,0.396,-5.303,1,0.0747,141.038,0.48,rock
0.153,0.754,0.759,0.000108,9,0.101,-5.218,1,0.302,126.366,0.435,rock
0.00287,0.532,0.767,0.000513,7,0.39,-5.509,1,0.0574,127.361,0.755,rock
0.000376,0.37,0.919,0.419,4,0.49,-5.721,1,0.102,134.021,0.471,rock
0.000647,0.543,0.836,0.431,4,0.153,-9.11,0,0.0353,105.173,0.56,rock
0.0026,0.569,0.838,0.00836,6,0.0628,-8.421,0,0.0302,123.299,0.615,rock
0.00563,0.518,0.858,0.00349,0,0.0598,-6.147,1,0.0672,117.897,0.249,rock
0.000666,0.439,0.691,0.0777,7,0.423,-9.158,1,0.0608,103.281,0.433,rock
0.000848,0.625,0.876,0.00198,7,0.0639,-5.998,1,0.035,89.233,0.46,rock
2.02e-05,0.49,0.951,0.0027,1,0.0314,-3.777,1,0.0477,106.946,0.589,rock
0.0179,0.526,0.579,0.00861,7,0.216,-9.489,1,0.0257,139.496,0.211,rock
0.000249,0.29,0.977,0.257,4,0.0801,-5.487,1,0.169,100.919,0.166,rock
0.037,0.445,0.964,0.0132,9,0.0773,-5.493,1,0.282,140.817,0.448,rock
0.00022,0.481,0.928,0.558,11,0.106,-8.799,0,0.0672,96.699,0.427,rock
0.000237,0.354,0.982,0.000294,4,0.204,-3.026,0,0.168,143.772,0.194,rock
0.00269,0.568,0.981,0.00275,2,0.0243,-3.889,1,0.0887,135.146,0.307,rock
0.0177,0.291,0.974,5.44e-06,6,0.886,-2.997,0,0.171,134.724,0.348,rock
0.00208,0.382,0.996,0.0,7,0.417,-4.119,1,0.104,93.345,0.327,rock
0.00591,0.398,0.939,0.000881,9,0.357,-2.865,0,0.0648,92.027,0.235,rock
0.000118,0.427,0.946,0.0253,7,0.0604,-2.188,1,0.0469,101.305,0.237,rock
0.012,0.544,0.69,0.0095,6,0.0615,-5.723,0,0.0425,123.962,0.219,rock
5.8e-05,0.462,0.996,0.00377,11,0.139,-2.973,0,0.231,122.072,0.145,rock
0.000278,0.417,0.934,0.0015,7,0.132,-3.908,0,0.119,127.066,0.287,rock
0.000264,0.413,0.873,0.00249,8,0.204,-4.151,1,0.0536,116.68,0.48,rock
0.00662,0.538,0.981,0.0,1,0.219,-2.688,0,0.14,101.414,0.711,rock
0.000915,0.364,0.922,0.0346,0,0.0697,-4.217,0,0.0567,79.342,0.227,rock
0.0202,0.493,0.974,8.31e-05,1,0.182,-3.252,1,0.135,99.647,0.354,rock
6.28e-05,0.423,0.685,0.00642,4,0.133,-9.651,0,0.078,162.78,0.328,rock
0.00312,0.334,0.828,0.0043,9,0.0949,-9.168,1,0.0985,157.891,0.515,rock
0.128,0.369,0.679,0.0125,6,0.197,-9.729,0,0.0742,91.883,0.508,rock
0.0352,0.337,0.722,0.052,6,0.101,-11.384,1,0.0478,149.103,0.28,rock
0.141,0.463,0.552,9.66e-06,4,0.129,-9.403,0,0.0605,105.495,0.421,rock
0.229,0.364,0.616,0.000194,1,0.0962,-8.162,0,0.0507,136.998,0.425,rock
0.00313,0.322,0.991,0.0035,6,0.0708,-4.453,1,0.213,140.221,0.198,rock
7.62e-06,0.27,0.886,0.0258,11,0.0899,-6.9,1,0.117,119.283,0.19,rock
0.000431,0.304,0.947,0.00192,1,0.156,-5.302,1,0.0917,145.324,0.427,rock
0.00653,0.303,0.978,0.0,8,0.0958,-2.123,1,0.122,170.286,0.28,rock
0.000155,0.43,0.704,0.00221,1,0.0933,-8.008,0,0.0804,118.242,0.703,rock
0.00437,0.415,0.908,0.0345,2,0.082,-9.701,1,0.0765,114.816,0.437,rock
0.000748,0.504,0.856,0.359,7,0.114,-6.271,1,0.0423,95.402,0.585,rock
0.000212,0.274,0.726,0.0113,9,0.0993,-11.541,1,0.0449,146.449,0.426,rock
0.000594,0.419,0.878,0.559,7,0.139,-6.352,1,0.0553,147.385,0.666,rock
4.2e-06,0.329,0.954,0.000614,8,0.051,-7.006,0,0.0722,156.899,0.627,rock
0.0266,0.466,0.833,0.0,7,0.0327,-4.215,1,0.304,88.785,0.661,rock
0.0124,0.412,0.919,0.0601,5,0.424,-7.291,1,0.184,166.367,0.572,rock
0.0129,0.599,0.957,7.06e-05,11,0.155,-5.764,1,0.188,103.68,0.489,rock
0.00162,0.426,0.929,0.105,2,0.0789,-6.729,1,0.0701,127.059,0.539,rock
0.00171,0.642,0.899,0.135,9,0.326,-6.92,0,0.0381,125.115,0.726,rock
0.0054,0.51,0.917,0.000133,4,0.396,-4.806,0,0.0854,75.098,0.313,rock
5.54e-05,0.521,0.895,0.349,7,0.0985,-5.242,1,0.0442,120.117,0.237,rock
0.00138,0.648,0.896,0.000819,2,0.0879,-4.254,1,0.041,128.115,0.468,rock
0.00268,0.501,0.76,0.0616,2,0.152,-5.802,0,0.0343,83.046,0.138,rock
0.00115,0.625,0.597,0.0162,2,0.408,-6.933,1,0.0281,96.066,0.273,rock
9.12e-05,0.491,0.966,0.346,3,0.153,-3.974,1,0.0463,95.141,0.223,rock
0.0318,0.285,0.908,0.00909,4,0.311,-4.601,0,0.0705,159.756,0.669,rock
0.0286,0.249,0.943,0.00401,0,0.162,-5.188,1,0.0669,173.671,0.458,rock
0.088,0.409,0.89,0.107,0,0.0935,-6.839,1,0.0558,100.409,0.268,rock
0.000739,0.308,0.866,0.00141,2,0.232,-5.671,0,0.059,109.825,0.227,rock
0.0346,0.313,0.882,0.338,0,0.45,-6.215,1,0.0355,103.981,0.3,rock
0.0337,0.3,0.936,0.021,2,0.158,-5.399,1,0.0456,133.065,0.756,rock
0.0263,0.314,0.959,0.000148,4,0.161,-4.657,0,0.0908,154.221,0.492,rock
0.024,0.362,0.961,9.35e-06,2,0.159,-5.664,1,0.0857,164.019,0.491,rock
0.000195,0.435,0.987,0.0879,1,0.268,-4.667,0,0.16,103.162,0.1,rock
0.00572,0.519,0.833,4.33e-06,6,0.104,-6.947,0,0.0496,138.225,0.532,rock
0.000716,0.437,0.948,0.000261,4,0.146,-6.041,0,0.0554,96.72,0.361,rock
0.0136,0.61,0.824,1.75e-06,4,0.0606,-6.046,1,0.0534,134.992,0.819,rock
0.174,0.551,0.876,9.04e-06,9,0.397,-7.02,1,0.037,151.575,0.746,rock
0.00177,0.325,0.985,0.107,11,0.351,-3.941,1,0.151,125.307,0.221,rock
0.00052,0.663,0.91,0.675,4,0.112,-5.131,0,0.0495,140.044,0.708,rock
5.87e-05,0.248,0.988,0.84,2,0.323,-3.74,1,0.144,115.301,0.149,rock
0.00203,0.519,0.982,0.00055,7,0.0971,-3.547,1,0.108,97.745,0.361,rock
8.57e-05,0.322,0.932,0.817,4,0.0969,-4.252,0,0.163,138.042,0.376,rock
0.000393,0.272,0.747,4.03e-05,5,0.16,-4.86,0,0.0401,202.777,0.255,rock
0.000405,0.227,0.995,0.393,10,0.127,-4.361,0,0.173,87.499,0.0363,rock
9.41e-05,0.326,0.995,0.386,1,0.145,-4.38,1,0.147,105.459,0.092,rock
0.000132,0.31,0.991,0.085,5,0.0969,-3.769,0,0.316,140.071,0.0395,rock
0.00338,0.263,0.97,0.000795,5,0.0922,-4.182,0,0.163,151.729,0.17,rock
7.65e-05,0.332,0.988,0.0126,8,0.055,-4.111,1,0.146,98.878,0.097,rock
0.000996,0.695,0.876,6.89e-06,3,0.106,-4.262,0,0.0553,89.954,0.941,rock
0.123,0.68,0.721,0.0,6,0.162,-4.379,0,0.188,125.963,0.244,rock
0.000209,0.429,0.966,0.124,8,0.371,-4.605,1,0.0733,179.956,0.525,rock
9.14e-05,0.402,0.969,0.0325,8,0.225,-2.825,1,0.181,173.847,0.262,rock
2.55e-05,0.54,0.977,0.0588,1,0.0533,-3.409,1,0.0876,106.907,0.211,rock
0.00234,0.49,0.938,2.17e-05,1,0.186,-3.916,1,0.129,196.143,0.437,rock
2.23e-05,0.353,0.898,0.105,2,0.39,-5.877,1,0.052,103.299,0.525,rock
0.00014,0.468,0.769,0.00124,4,0.271,-7.036,1,0.041,104.102,0.17,rock
0.00678,0.283,0.891,0.0038,2,0.159,-8.165,1,0.178,92.049,0.226,rock
0.000643,0.687,0.677,0.000137,2,0.0564,-4.172,1,0.0508,75.052,0.545,rock
1.85e-05,0.498,0.905,0.765,11,0.383,-5.721,0,0.0521,123.338,0.584,rock
0.00043,0.581,0.983,0.00654,5,0.0806,-3.291,0,0.0636,110.038,0.417,rock
0.0014,0.492,0.969,1.32e-06,9,0.0787,-4.419,1,0.0491,95.136,0.538,rock
0.00022,0.524,0.939,0.0,9,0.623,-3.994,1,0.113,150.184,0.661,rock
0.0466,0.58,0.702,3.2e-06,4,0.536,-5.565,1,0.0337,105.076,0.299,rock
0.00958,0.556,0.864,0.0,3,0.209,-5.87,0,0.0584,105.143,0.4,rock
0.127,0.554,0.98,0.0,4,0.0833,-3.514,1,0.108,135.12,0.611,rock
0.00113,0.655,0.886,0.000409,7,0.0448,-4.116,1,0.0435,100.088,0.938,rock
0.03,0.512,0.97,0.0,8,0.0994,-3.886,0,0.212,94.952,0.427,rock
0.0484,0.412,0.902,0.131,9,0.405,-11.6,1,0.405,89.74,0.422,rock
0.013,0.564,0.932,0.169,11,0.349,-10.068,1,0.0554,112.937,0.619,rock
0.396,0.437,0.864,0.0314,4,0.242,-7.842,0,0.0904,81.394,0.749,rock
0.452,0.483,0.615,0.000414,2,0.0512,-8.538,1,0.0497,80.576,0.594,rock
0.000582,0.317,0.887,0.00258,9,0.0891,-7.292,1,0.0375,169.613,0.871,rock
0.13,0.598,0.676,0.225,0,0.112,-9.211,1,0.0279,114.169,0.805,rock
0.135,0.307,0.909,0.0336,9,0.125,-7.08,0,0.0574,173.674,0.443,rock
0.0155,0.387,0.94,0.023,7,0.327,-6.192,1,0.0376,98.533,0.582,rock
0.00348,0.521,0.721,0.0113,2,0.391,-7.699,1,0.0254,97.578,0.611,rock
0.0264,0.62,0.878,0.776,9,0.235,-9.064,1,0.0443,129.236,0.708,rock
0.0195,0.454,0.987,0.279,8,0.268,-4.485,1,0.0881,123.61,0.316,rock
0.09,0.445,0.952,0.0843,6,0.112,-5.321,1,0.0522,125.304,0.624,rock
0.019,0.268,0.98,0.00692,11,0.182,-5.959,1,0.101,100.316,0.39,rock
0.13,0.393,0.995,0.00461,1,0.263,-4.946,1,0.103,148.196,0.198,rock
0.00889,0.349,0.985,0.561,10,0.36,-5.676,0,0.122,151.007,0.322,rock
0.0803,0.33,0.787,0.0632,10,0.32,-8.806,0,0.0732,139.918,0.382,rock
0.000337,0.428,0.874,0.0419,4,0.311,-6.664,0,0.128,119.708,0.261,rock
0.000291,0.475,0.953,0.00338,2,0.104,-6.951,1,0.15,118.033,0.232,rock
0.000275,0.332,0.946,0.0304,2,0.136,-6.233,1,0.127,153.091,0.303,rock
0.00801,0.53,0.95,0.205,10,0.33,-5.402,0,0.0959,112.627,0.411,rock
0.0012,0.567,0.714,0.417,9,0.186,-8.512,0,0.0302,107.441,0.191,rock
5.16e-05,0.506,0.877,0.776,0,0.0712,-5.73,1,0.032,114.589,0.302,rock
0.00152,0.375,0.682,0.598,0,0.0897,-6.898,0,0.0364,159.23,0.396,rock
0.000148,0.469,0.79,0.372,7,0.282,-6.889,1,0.0391,107.45,0.466,rock
0.000183,0.385,0.673,0.149,2,0.0721,-8.182,1,0.0329,149.271,0.187,rock
0.000297,0.58,0.916,0.0259,3,0.126,-4.358,0,0.0387,118.004,0.683,rock
0.000248,0.541,0.968,8.28e-06,0,0.423,-4.129,1,0.0396,125.04,0.505,rock
0.000429,0.487,0.949,2.91e-05,2,0.231,-4.217,0,0.0798,110.02,0.406,rock
3.56e-05,0.378,0.959,0.000138,6,0.102,-4.615,1,0.062,174.932,0.338,rock
2.81e-05,0.219,0.92,0.0,0,0.102,-4.479,1,0.0623,166.188,0.376,rock
1.74e-05,0.395,0.756,0.00665,7,0.319,-4.12,1,0.0544,112.092,0.475,rock
0.17,0.778,0.614,2.61e-06,10,0.102,-9.897,0,0.0487,120.005,0.853,rock
3.87e-05,0.363,0.921,0.00585,2,0.476,-5.192,1,0.0726,99.265,0.446,rock
7.19e-05,0.543,0.808,0.00336,10,0.114,-5.484,1,0.0407,95.19,0.472,rock
0.00721,0.481,0.932,0.0,4,0.337,-4.592,0,0.083,149.992,0.543,rock
0.00149,0.322,0.812,0.0,0,0.0986,-5.568,0,0.0505,159.933,0.124,rock
0.000595,0.557,0.886,9.84e-05,11,0.0904,-4.196,0,0.0498,114.025,0.17,rock
2.08e-05,0.485,0.987,0.0,4,0.267,-3.1,1,0.0738,123.576,0.272,rock
0.000599,0.537,0.964,1.14e-05,9,0.0564,-4.157,1,0.113,155.017,0.712,rock
8.06e-05,0.513,0.995,1.13e-05,6,0.364,-3.384,0,0.165,130.97,0.0401,rock
0.000278,0.365,0.958,0.00417,1,0.459,-3.729,1,0.108,104.009,0.154,rock
7.01e-05,0.272,0.984,0.00345,0,0.345,-4.546,0,0.137,110.336,0.0946,rock
1.6e-05,0.344,0.971,0.0806,1,0.0893,-4.638,1,0.106,192.117,0.108,rock
6.86e-05,0.195,0.976,0.000912,8,0.263,-4.381,1,0.0808,180.372,0.531,rock
1.94e-05,0.279,0.987,0.000122,0,0.12,-4.578,1,0.0992,85.629,0.22,rock
0.0125,0.473,0.783,0.475,10,0.268,-10.671,0,0.0869,91.976,0.124,rock
7.06e-05,0.508,0.912,0.403,9,0.0492,-8.049,0,0.0368,117.582,0.682,rock
0.014,0.295,0.833,0.0683,9,0.0816,-8.279,0,0.0764,172.756,0.625,rock
4.99e-06,0.327,0.873,0.0172,9,0.247,-10.779,0,0.0514,153.012,0.48,rock
0.408,0.454,0.913,0.000271,9,0.248,-4.008,1,0.107,137.688,0.521,rock
0.212,0.307,0.748,0.000153,2,0.368,-6.514,0,0.0568,108.227,0.347,rock
0.00253,0.303,0.961,6.2e-05,9,0.132,-5.333,0,0.243,146.591,0.305,rock
0.00167,0.346,0.749,8.86e-05,6,0.648,-6.506,1,0.035,102.591,0.315,rock
0.0629,0.493,0.636,2.49e-06,1,0.0921,-7.408,1,0.0256,79.419,0.279,rock
0.000286,0.297,0.842,9.1e-06,6,0.0848,-7.457,1,0.0488,100.127,0.586,rock
0.00045,0.355,0.791,0.0,8,0.0969,-7.565,1,0.0453,106.392,0.758,rock
0.0289,0.263,0.562,0.00118,3,0.12,-7.858,1,0.0273,146.08,0.213,rock
0.023,0.16,0.954,4.01e-06,9,0.372,-5.179,1,0.0685,165.223,0.336,rock
2.17e-05,0.457,0.902,0.196,7,0.258,-5.624,1,0.0313,92.711,0.834,rock
0.000217,0.35,0.828,0.000161,6,0.0774,-5.373,1,0.041,105.435,0.147,rock
0.000173,0.485,0.841,0.00686,2,0.125,-6.068,0,0.0307,94.867,0.551,rock
1.65e-05,0.307,0.917,0.00044,9,0.0566,-7.599,1,0.0977,101.879,0.266,rock
2.55e-05,0.502,0.912,0.000173,1,0.106,-4.556,1,0.0564,116.761,0.72,rock
3.33e-05,0.436,0.876,0.000104,10,0.205,-4.902,0,0.0647,157.044,0.512,rock
0.00174,0.678,0.656,0.0,7,0.0631,-6.41,1,0.0381,123.207,0.485,rock
0.199,0.256,0.641,0.0329,1,0.0853,-10.283,1,0.0552,203.006,0.382,rock
3.69e-06,0.262,0.969,0.00213,4,0.133,-4.675,1,0.0894,158.433,0.263,rock
0.00178,0.394,0.944,4.54e-06,10,0.298,-6.506,0,0.0761,105.338,0.265,rock
0.00752,0.284,0.875,0.000461,11,0.402,-6.069,0,0.0422,75.009,0.595,rock
0.0404,0.285,0.846,0.0,2,0.182,-6.472,1,0.0438,108.808,0.287,rock
0.323,0.36,0.684,0.0,4,0.34,-6.457,0,0.0308,77.15,0.2,rock
5.99e-05,0.413,0.881,0.000308,11,0.0805,-5.541,0,0.0367,158.066,0.364,rock
0.000917,0.433,0.959,0.0,9,0.028,-4.04,1,0.0431,172.984,0.365,rock
0.000769,0.366,0.94,9.42e-05,1,0.188,-5.119,0,0.0696,130.198,0.369,rock
1.83e-05,0.401,0.953,2.56e-05,4,0.149,-4.276,1,0.0752,174.217,0.555,rock
0.000218,0.577,0.604,0.000579,5,0.477,-5.703,1,0.0495,167.719,0.637,rock
3.31e-05,0.53,0.903,0.182,2,0.259,-4.396,0,0.0483,129.983,0.747,rock
0.00254,0.555,0.798,1.5e-05,3,0.171,-5.658,1,0.0279,89.987,0.284,rock
1.93e-05,0.619,0.696,0.00555,7,0.38,-6.263,0,0.0315,125.984,0.727,rock
6.11e-06,0.524,0.944,0.526,2,0.135,-5.73,0,0.0839,124.03,0.24,rock
0.000674,0.566,0.871,0.00144,5,0.107,-4.833,1,0.0311,88.012,0.41,rock
0.0174,0.6,0.849,0.00205,9,0.0745,-5.788,0,0.0376,140.002,0.257,rock
0.000799,0.541,0.901,0.0467,6,0.0572,-5.654,0,0.0415,105.05,0.194,rock
0.000291,0.214,0.959,0.0162,2,0.377,-5.118,1,0.105,82.415,0.179,rock
0.000355,0.241,0.951,0.000192,4,0.131,-4.953,0,0.175,195.028,0.401,rock
0.000394,0.472,0.925,0.000528,6,0.0826,-3.545,0,0.15,159.989,0.338,rock
3.81e-05,0.403,0.965,0.000276,6,0.341,-2.238,1,0.0964,112.363,0.431,rock
0.00201,0.15,0.859,0.194,4,0.387,-2.827,0,0.0595,170.527,0.354,rock
0.000455,0.426,0.888,0.0,0,0.306,-3.72,0,0.0987,144.111,0.387,rock
4.02e-05,0.295,0.924,0.00462,5,0.377,-3.407,1,0.0678,171.941,0.219,rock
0.000235,0.456,0.985,0.00368,6,0.103,-2.949,1,0.207,143.006,0.183,rock
0.00054,0.5,0.817,0.0,0,0.152,-3.501,1,0.0459,90.01,0.599,rock
0.000323,0.497,0.916,0.0,7,0.36,-3.323,1,0.108,96.051,0.401,rock
0.000207,0.434,0.929,0.00109,1,0.0916,-2.749,1,0.147,92.541,0.428,rock
0.000443,0.547,0.963,0.0251,4,0.353,-2.337,0,0.0744,130.061,0.441,rock
0.00269,0.568,0.981,0.00275,2,0.0243,-3.889,1,0.0887,135.146,0.307,rock
0.000234,0.278,0.985,0.000235,11,0.104,-1.934,1,0.129,104.803,0.342,rock
0.000683,0.499,0.97,0.136,0,0.0871,-2.838,1,0.116,106.558,0.0506,rock
0.159,0.898,0.365,9.28e-06,0,0.132,-10.452,1,0.0462,98.53,0.563,reggae
0.00916,0.826,0.49,4.41e-06,9,0.0415,-10.477,1,0.0676,74.128,0.627,reggae
0.608,0.671,0.255,0.0,7,0.0737,-10.743,1,0.0387,115.873,0.694,reggae
0.111,0.776,0.561,0.0,6,0.067,-8.375,0,0.103,122.246,0.743,reggae
0.143,0.929,0.463,5.3e-06,9,0.0634,-8.651,1,0.308,124.084,0.755,reggae
0.36,0.916,0.72,0.00016,0,0.0958,-8.548,1,0.1,103.314,0.761,reggae
0.233,0.767,0.7,0.0,5,0.049,-4.358,0,0.334,77.93,0.863,reggae
0.157,0.688,0.487,0.00304,9,0.0488,-8.256,1,0.174,146.035,0.926,reggae
0.0294,0.786,0.803,0.0,0,0.224,-6.59,1,0.205,173.029,0.949,reggae
0.236,0.781,0.722,0.000398,7,0.077,-8.376,1,0.0667,87.858,0.533,reggae
0.106,0.974,0.403,0.00207,2,0.0786,-12.943,1,0.273,121.97,0.755,reggae
0.119,0.957,0.226,0.0358,8,0.0796,-14.606,1,0.0594,102.072,0.768,reggae
0.00217,0.857,0.298,1.08e-05,1,0.209,-15.611,1,0.0616,89.124,0.825,reggae
0.0982,0.8,0.56,0.0289,8,0.0753,-9.546,1,0.0413,95.904,0.796,reggae
0.459,0.805,0.418,0.0,7,0.288,-14.374,1,0.0978,149.737,0.966,reggae
0.0597,0.932,0.359,0.0,11,0.136,-12.958,0,0.0944,127.153,0.906,reggae
0.7,0.399,0.212,0.000434,5,0.116,-16.03,1,0.0747,137.76,0.149,reggae
0.634,0.679,0.575,0.0,1,0.165,-8.037,1,0.0715,102.588,0.79,reggae
0.184,0.801,0.435,0.0,10,0.0904,-9.33,1,0.0448,146.459,0.953,reggae
0.222,0.843,0.528,2.62e-06,10,0.0752,-12.474,1,0.0448,128.491,0.961,reggae
0.106,0.649,0.581,0.0,8,0.0321,-12.161,1,0.0432,148.887,0.984,reggae
0.183,0.825,0.62,0.0,2,0.0822,-6.083,1,0.211,150.243,0.744,reggae
0.068,0.71,0.589,4.38e-06,0,0.176,-11.933,1,0.167,144.601,0.65,reggae
0.191,0.701,0.412,4.08e-06,6,0.2,-9.826,0,0.0295,152.227,0.786,reggae
0.0503,0.876,0.282,4.59e-05,7,0.0741,-12.618,1,0.319,130.958,0.801,reggae
0.00527,0.785,0.561,8.78e-05,10,0.0456,-7.783,0,0.0523,129.027,0.614,reggae
0.0719,0.855,0.473,2.71e-05,11,0.0795,-9.846,0,0.146,139.175,0.682,reggae
0.0531,0.84,0.393,1.8e-05,10,0.0512,-12.423,0,0.303,145.656,0.751,reggae
0.36,0.916,0.72,0.00016,0,0.0958,-8.548,1,0.1,103.314,0.761,reggae
0.00916,0.826,0.49,4.41e-06,9,0.0415,-10.477,1,0.0676,74.128,0.627,reggae
0.0682,0.671,0.513,0.0,5,0.0674,-9.598,0,0.366,154.187,0.94,reggae
0.159,0.898,0.365,9.28e-06,0,0.132,-10.452,1,0.0462,98.53,0.563,reggae
0.608,0.671,0.255,0.0,7,0.0737,-10.743,1,0.0387,115.873,0.694,reggae
0.36,0.916,0.72,0.00016,0,0.0958,-8.548,1,0.1,103.314,0.761,reggae
0.111,0.776,0.561,0.0,6,0.067,-8.375,0,0.103,122.246,0.743,reggae
0.143,0.929,0.463,5.3e-06,9,0.0634,-8.651,1,0.308,124.084,0.755,reggae
0.233,0.767,0.7,0.0,5,0.049,-4.358,0,0.334,77.93,0.863,reggae
0.107,0.935,0.479,5.16e-05,11,0.118,-10.981,0,0.306,123.643,0.773,reggae
0.028,0.767,0.46,2.09e-05,8,0.0633,-11.489,1,0.332,78.802,0.803,reggae
0.0301,0.868,0.744,0.00495,7,0.172,-8.565,1,0.0502,132.838,0.961,reggae
0.00342,0.779,0.408,0.000146,7,0.253,-9.205,1,0.22,127.942,0.433,reggae
0.0503,0.876,0.282,4.59e-05,7,0.0741,-12.618,1,0.319,130.958,0.801,reggae
0.34,0.801,0.641,4.5e-05,8,0.0693,-9.355,1,0.173,96.96,0.741,reggae
0.157,0.688,0.487,0.00304,9,0.0488,-8.256,1,0.174,146.035,0.926,reggae
0.0184,0.918,0.37,0.00166,11,0.0802,-11.807,0,0.0564,131.884,0.49,reggae
0.0117,0.706,0.591,0.000514,9,0.136,-8.513,1,0.0321,142.233,0.845,reggae
0.0309,0.623,0.848,0.00797,4,0.401,-7.594,0,0.0518,127.014,0.128,reggae
0.068,0.71,0.589,4.38e-06,0,0.176,-11.933,1,0.167,144.601,0.65,reggae
0.00156,0.865,0.654,1.53e-06,7,0.0543,-8.113,1,0.0731,127.513,0.706,reggae
0.0299,0.749,0.849,0.000168,4,0.115,-5.761,0,0.0544,145.169,0.959,reggae
0.0315,0.757,0.489,6.26e-05,4,0.103,-9.672,0,0.0628,136.435,0.805,reggae
0.319,0.462,0.918,0.191,7,0.0504,-6.194,1,0.0799,191.503,0.871,reggae
0.0224,0.3,0.877,3.69e-06,7,0.959,-5.238,1,0.13,73.945,0.721,reggae
0.039,0.824,0.366,0.106,7,0.0403,-10.96,1,0.145,73.949,0.895,reggae
0.122,0.87,0.299,0.0514,10,0.0926,-13.409,1,0.248,75.895,0.933,reggae
0.0234,0.807,0.564,0.00106,7,0.176,-7.834,1,0.0858,82.165,0.704,reggae
0.151,0.686,0.76,0.0123,7,0.0806,-5.875,1,0.036,144.462,0.852,reggae
0.7,0.399,0.212,0.000434,5,0.116,-16.03,1,0.0747,137.76,0.149,reggae
0.634,0.679,0.575,0.0,1,0.165,-8.037,1,0.0715,102.588,0.79,reggae
0.208,0.895,0.571,0.0,1,0.0781,-8.636,1,0.0501,128.171,0.933,reggae
0.0139,0.81,0.618,0.000254,7,0.0296,-10.581,1,0.0382,120.063,0.804,reggae
0.0184,0.782,0.386,0.0,2,0.0525,-15.443,1,0.0302,105.849,0.904,reggae
0.00106,0.888,0.401,0.0,1,0.322,-12.852,1,0.0495,110.421,0.723,reggae
0.101,0.866,0.564,0.0994,9,0.0977,-7.554,1,0.0902,101.683,0.876,reggae
0.184,0.801,0.435,0.0,10,0.0904,-9.33,1,0.0448,146.459,0.953,reggae
0.0344,0.599,0.564,0.689,8,0.233,-7.793,1,0.0766,75.095,0.665,reggae
0.833,0.831,0.583,0.414,3,0.184,-10.345,1,0.0301,109.634,0.968,reggae
0.0597,0.932,0.359,0.0,11,0.136,-12.958,0,0.0944,127.153,0.906,reggae
0.00719,0.864,0.347,0.0124,3,0.0619,-10.206,1,0.216,74.467,0.725,reggae
0.0624,0.681,0.713,0.0,7,0.0565,-6.736,1,0.105,73.618,0.893,reggae
0.183,0.825,0.62,0.0,2,0.0822,-6.083,1,0.211,150.243,0.744,reggae
0.0329,0.842,0.755,4.98e-05,10,0.0936,-5.023,0,0.0426,141.06,0.977,reggae
0.0326,0.683,0.653,8.42e-06,9,0.0578,-7.586,0,0.113,143.224,0.501,reggae
0.247,0.52,0.309,0.0,7,0.0985,-10.708,1,0.0308,97.567,0.822,reggae
0.71,0.814,0.57,1.81e-05,8,0.0795,-4.289,1,0.115,79.401,0.827,reggae
0.364,0.84,0.535,0.0141,5,0.0722,-9.366,1,0.0644,79.716,0.885,reggae
0.213,0.888,0.306,0.0,0,0.0535,-12.753,1,0.0728,79.885,0.602,reggae
0.106,0.649,0.581,0.0,8,0.0321,-12.161,1,0.0432,148.887,0.984,reggae
0.222,0.843,0.528,2.62e-06,10,0.0752,-12.474,1,0.0448,128.491,0.961,reggae
0.265,0.777,0.458,0.00295,11,0.0423,-12.358,1,0.0841,99.05,0.961,reggae
0.502,0.617,0.516,0.0,3,0.0748,-12.331,1,0.0467,159.488,0.967,reggae
0.218,0.703,0.393,0.0,0,0.216,-12.995,1,0.0778,165.902,0.659,reggae
0.686,0.793,0.378,0.232,7,0.102,-14.106,1,0.0667,106.867,0.798,reggae
0.181,0.955,0.324,0.05,0,0.0756,-15.105,1,0.211,122.211,0.96,reggae
0.459,0.805,0.418,0.0,7,0.288,-14.374,1,0.0978,149.737,0.966,reggae
0.141,0.742,0.42,0.0,8,0.094,-14.677,1,0.0792,149.734,0.973,reggae
0.0498,0.751,0.473,0.00133,6,0.0896,-10.641,0,0.242,164.889,0.424,reggae
0.33,0.699,0.775,0.0,0,0.121,-5.936,1,0.123,82.058,0.58,reggae
0.14,0.755,0.251,0.0,2,0.194,-17.467,0,0.0912,79.916,0.837,reggae
0.332,0.817,0.271,0.0,0,0.0755,-16.549,1,0.554,153.659,0.57,reggae
0.0192,0.804,0.577,0.884,1,0.0955,-11.39,1,0.0441,131.968,0.429,reggae
0.194,0.812,0.738,0.275,9,0.0765,-4.61,0,0.112,77.279,0.937,reggae
0.0447,0.789,0.674,0.948,8,0.133,-8.266,0,0.0509,133.104,0.929,reggae
0.519,0.885,0.599,0.88,10,0.0799,-5.273,0,0.0716,133.098,0.752,reggae
0.122,0.789,0.502,3.29e-05,9,0.0694,-11.898,0,0.0564,140.292,0.898,reggae
0.321,0.696,0.476,5.3e-05,2,0.0831,-12.709,1,0.113,134.808,0.816,reggae
0.0913,0.709,0.375,5.49e-05,9,0.114,-14.439,0,0.0955,132.088,0.869,reggae
0.0326,0.8,0.548,0.0054,1,0.0633,-16.243,1,0.0528,134.942,0.925,reggae
0.000339,0.806,0.282,0.655,6,0.0866,-17.538,0,0.0473,137.301,0.821,reggae
0.0432,0.712,0.561,0.0,2,0.286,-11.238,1,0.203,79.757,0.601,reggae
0.0176,0.846,0.564,0.026,4,0.0713,-10.915,0,0.0981,131.25,0.708,reggae
0.462,0.683,0.736,1.81e-05,6,0.775,-10.53,0,0.0361,88.243,0.822,reggae
0.161,0.883,0.733,0.00026,11,0.334,-9.153,0,0.128,95.107,0.946,reggae
0.0961,0.95,0.554,0.0,8,0.226,-10.329,1,0.0744,136.537,0.909,reggae
0.224,0.802,0.82,0.0,2,0.293,-9.196,1,0.0334,128.955,0.977,reggae
0.00954,0.874,0.491,0.00629,6,0.0484,-7.737,0,0.121,74.099,0.364,reggae
0.0141,0.889,0.453,0.000205,4,0.202,-8.598,0,0.221,100.358,0.437,reggae
0.188,0.818,0.705,0.00791,1,0.1,-7.685,1,0.141,147.318,0.458,reggae
0.000907,0.686,0.641,0.0,5,0.157,-14.832,0,0.0525,144.448,0.841,reggae
0.0179,0.759,0.345,0.0,2,0.307,-11.683,1,0.0679,82.961,0.68,reggae
0.000914,0.744,0.501,1.67e-05,9,0.0518,-14.759,1,0.0604,160.073,0.801,reggae
0.464,0.645,0.609,0.0,10,0.105,-9.45,0,0.508,90.762,0.631,reggae
0.82,0.569,0.646,9.87e-06,0,0.422,-13.675,1,0.281,96.572,0.923,reggae
0.0287,0.778,0.594,0.0,4,0.054,-11.156,0,0.333,179.967,0.596,reggae
0.0187,0.835,0.612,0.0,5,0.1,-7.73,1,0.148,145.867,0.646,reggae
0.0231,0.82,0.683,0.0,4,0.217,-7.686,1,0.0613,134.916,0.795,reggae
0.0633,0.789,0.801,0.0,9,0.0989,-8.87,1,0.0472,138.084,0.942,reggae
0.231,0.585,0.851,0.0,9,0.426,-5.252,1,0.432,78.576,0.881,reggae
0.0447,0.854,0.526,0.0,0,0.0947,-8.33,1,0.158,137.949,0.695,reggae
0.0208,0.836,0.661,0.0,7,0.449,-6.502,0,0.338,76.71,0.753,reggae
0.123,0.724,0.696,0.0,1,0.106,-6.326,1,0.201,93.607,0.433,reggae
0.206,0.794,0.636,0.0179,4,0.0805,-8.093,0,0.0416,124.214,0.304,reggae
0.00119,0.556,0.881,0.0,7,0.0709,-2.224,1,0.082,104.973,0.337,reggae
0.0573,0.782,0.687,0.0,11,0.0718,-6.69,1,0.109,97.014,0.802,reggae
0.0136,0.743,0.576,0.0,9,0.0613,-6.244,0,0.163,77.958,0.628,reggae
0.0291,0.624,0.873,0.0,9,0.0371,-4.355,1,0.407,155.624,0.718,reggae
0.014,0.496,0.786,0.0,1,0.639,-6.05,0,0.318,153.448,0.731,reggae
0.203,0.861,0.405,0.0,6,0.103,-8.84,0,0.0532,116.831,0.54,reggae
0.105,0.687,0.614,1.58e-06,11,0.134,-5.486,0,0.0427,152.037,0.71,reggae
0.0258,0.92,0.319,0.0,4,0.105,-7.965,0,0.0372,113.986,0.439,reggae
0.0333,0.803,0.536,1.34e-05,9,0.175,-5.14,1,0.0386,126.038,0.592,reggae
0.156,0.663,0.697,0.0224,0,0.0663,-9.442,1,0.0473,166.001,0.744,reggae
0.0154,0.625,0.686,0.0499,9,0.0932,-8.337,0,0.0309,139.817,0.556,reggae
0.0104,0.76,0.702,0.0,10,0.38,-9.404,0,0.0716,92.324,0.659,reggae
0.0101,0.647,0.825,0.0,6,0.101,-6.939,0,0.0492,108.988,0.936,reggae
0.0268,0.682,0.765,3.42e-05,1,0.188,-5.021,0,0.0395,90.807,0.567,reggae
0.00877,0.804,0.696,0.000985,7,0.314,-7.47,1,0.0899,95.721,0.657,reggae
0.0623,0.69,0.681,0.0,9,0.137,-5.653,1,0.0379,75.034,0.911,reggae
0.0149,0.753,0.484,0.0,9,0.135,-7.519,1,0.258,79.668,0.597,reggae
0.00469,0.761,0.687,0.00532,7,0.245,-6.185,1,0.131,95.089,0.316,reggae
0.0854,0.801,0.548,0.000232,11,0.387,-5.482,0,0.0516,92.059,0.627,reggae
0.0362,0.708,0.757,0.0,7,0.17,-5.121,1,0.0791,80.976,0.552,reggae
0.00532,0.746,0.665,0.000804,2,0.155,-6.106,1,0.0963,79.022,0.751,reggae
0.0294,0.786,0.803,0.0,0,0.224,-6.59,1,0.205,173.029,0.949,reggae
0.236,0.781,0.722,0.000398,7,0.077,-8.376,1,0.0667,87.858,0.533,reggae
0.0422,0.734,0.924,9.87e-06,1,0.224,-3.335,0,0.165,170.58,0.907,reggae
0.0738,0.551,0.677,0.0,10,0.0473,-8.695,0,0.0576,166.037,0.869,reggae
0.0128,0.714,0.825,0.000569,11,0.049,-5.447,0,0.0751,94.074,0.751,reggae
0.00875,0.69,0.889,1.03e-05,4,0.0904,-5.074,0,0.0595,125.958,0.538,reggae
0.0514,0.757,0.791,0.000186,0,0.0895,-6.706,1,0.049,98.008,0.821,reggae
0.242,0.867,0.538,1.75e-05,2,0.316,-16.183,1,0.361,158.328,0.781,reggae
0.0561,0.853,0.606,0.0,0,0.313,-4.596,1,0.072,94.753,0.653,reggae
0.116,0.74,0.766,0.0,6,0.0406,-2.939,1,0.178,170.531,0.807,reggae
0.485,0.849,0.832,0.0,0,0.343,-7.83,1,0.128,124.558,0.939,reggae
0.0624,0.753,0.516,0.0,10,0.269,-5.582,1,0.0812,85.996,0.673,reggae
0.106,0.951,0.6,0.0,0,0.0712,-4.675,0,0.0685,125.04,0.822,reggae
0.145,0.95,0.803,0.0,1,0.0748,-4.195,1,0.151,117.0,0.86,reggae
0.141,0.778,0.761,4.6e-05,2,0.0441,-5.529,1,0.0525,107.288,0.923,reggae
0.0811,0.757,0.78,0.0,1,0.113,-5.038,1,0.319,97.917,0.589,reggae
0.103,0.765,0.666,0.0,7,0.116,-5.384,1,0.172,87.002,0.757,reggae
0.000624,0.718,0.776,5.3e-06,7,0.207,-5.208,0,0.0693,120.015,0.622,reggae
0.664,0.624,0.451,0.0,2,0.308,-8.676,1,0.563,89.032,0.831,reggae
0.000755,0.741,0.79,0.0,2,0.0345,-5.056,1,0.284,185.779,0.806,reggae
0.321,0.69,0.62,2.81e-05,8,0.0889,-3.583,1,0.06,66.859,0.497,reggae
0.73,0.608,0.568,0.0,8,0.191,-8.185,1,0.349,119.841,0.47,reggae
0.0462,0.58,0.683,0.0,1,0.199,-5.754,1,0.0454,82.161,0.639,reggae
0.0919,0.649,0.746,0.0,10,0.054,-3.707,1,0.218,89.668,0.565,reggae
0.034,0.644,0.762,0.0,11,0.122,-2.192,1,0.317,58.736,0.889,reggae
0.086,0.627,0.617,0.0,5,0.215,-5.314,0,0.31,178.406,0.88,reggae
0.0552,0.782,0.744,1.42e-05,7,0.701,-6.164,1,0.0806,81.067,0.7,reggae
0.429,0.911,0.565,0.0,9,0.0802,-6.209,0,0.0718,96.012,0.751,reggae
0.0686,0.796,0.675,0.0,8,0.0286,-6.382,1,0.0916,148.104,0.935,reggae
0.16,0.798,0.73,0.0,1,0.215,-5.992,0,0.0966,92.0,0.91,reggae
0.0748,0.739,0.658,2.14e-06,0,0.101,-5.462,1,0.0762,77.999,0.707,reggae
0.0199,0.684,0.627,0.0,8,0.131,-7.032,1,0.0578,140.074,0.831,reggae
0.0337,0.907,0.638,1.69e-05,10,0.0725,-7.917,0,0.256,99.958,0.789,reggae
0.0466,0.501,0.675,0.0,10,0.147,-6.782,0,0.265,98.823,0.643,reggae
0.178,0.856,0.721,2.14e-05,6,0.0913,-6.813,0,0.0779,100.98,0.902,reggae
0.149,0.779,0.72,0.0,6,0.212,-4.702,0,0.2,94.021,0.62,reggae
0.118,0.754,0.638,0.0,5,0.204,-7.951,0,0.303,90.137,0.437,reggae
0.156,0.758,0.786,0.0,4,0.0658,-4.897,0,0.108,83.495,0.786,reggae
0.37,0.475,0.815,0.0,2,0.107,-4.698,1,0.301,103.987,0.479,reggae
0.309,0.602,0.504,0.000331,4,0.0648,-10.048,0,0.0297,181.964,0.492,reggae
0.419,0.903,0.408,0.00249,0,0.0545,-9.425,1,0.19,125.815,0.736,reggae
0.0222,0.812,0.639,0.156,6,0.0856,-8.116,0,0.0612,135.165,0.905,reggae
0.0639,0.792,0.415,0.0,9,0.076,-8.979,1,0.117,74.332,0.699,reggae
0.239,0.835,0.648,6.14e-05,9,0.0484,-10.355,1,0.201,91.72,0.819,reggae
0.0496,0.787,0.53,2.17e-05,6,0.177,-8.715,0,0.0957,81.589,0.863,reggae
0.0343,0.827,0.601,2.67e-05,11,0.0565,-8.828,1,0.0636,97.548,0.83,reggae
0.218,0.837,0.666,5.33e-06,2,0.134,-7.187,1,0.132,96.083,0.78,reggae
0.0638,0.891,0.399,2.06e-05,4,0.0842,-10.087,0,0.348,133.217,0.822,reggae
0.133,0.779,0.488,1.89e-05,11,0.0643,-9.612,0,0.231,135.87,0.853,reggae
0.067,0.704,0.38,2.96e-06,10,0.0765,-12.16,1,0.423,76.298,0.711,reggae
0.163,0.906,0.587,1.52e-06,9,0.0433,-8.176,0,0.223,142.103,0.751,reggae
0.0901,0.932,0.611,0.00156,9,0.0467,-8.278,1,0.0853,125.238,0.77,reggae
0.191,0.904,0.431,0.00179,11,0.0928,-10.14,0,0.116,127.57,0.751,reggae
0.12,0.901,0.478,1.05e-05,0,0.165,-7.39,1,0.237,121.244,0.828,reggae
0.129,0.7,0.473,0.000891,7,0.0452,-9.893,0,0.0687,91.558,0.578,reggae
0.0374,0.721,0.446,0.000124,10,0.0752,-9.426,1,0.0895,142.611,0.811,reggae
0.0388,0.717,0.441,1.61e-05,0,0.171,-13.713,1,0.131,130.362,0.654,reggae
0.00461,0.774,0.64,0.0,9,0.0868,-6.614,0,0.1,136.427,0.665,reggae
0.0585,0.825,0.433,0.0,5,0.0618,-13.085,0,0.337,127.686,0.687,reggae
0.028,0.689,0.675,1.48e-06,11,0.305,-7.061,0,0.23,83.937,0.671,reggae
0.0754,0.834,0.518,0.0036,4,0.0894,-8.192,1,0.138,141.239,0.898,reggae
0.0144,0.871,0.496,0.00671,11,0.106,-11.835,0,0.0544,136.037,0.598,reggae
0.153,0.848,0.545,1.12e-05,11,0.231,-7.582,1,0.113,79.24,0.713,reggae
0.0597,0.932,0.359,0.0,11,0.136,-12.958,0,0.0944,127.153,0.906,reggae
0.00719,0.864,0.347,0.0124,3,0.0619,-10.206,1,0.216,74.467,0.725,reggae
0.0326,0.683,0.653,8.42e-06,9,0.0578,-7.586,0,0.113,143.224,0.501,reggae
9.69e-06,0.809,0.719,0.000111,1,0.364,-6.002,0,0.0336,135.473,0.651,reggae
0.0942,0.537,0.619,1.22e-06,11,0.071,-5.505,0,0.076,80.355,0.568,reggae
0.247,0.656,0.542,0.77,11,0.269,-9.519,0,0.0446,79.794,0.663,reggae
0.0898,0.658,0.282,0.0,7,0.0759,-11.992,1,0.345,65.919,0.646,reggae
0.157,0.754,0.458,5.86e-06,9,0.106,-10.558,0,0.163,84.603,0.744,reggae
0.0275,0.718,0.483,0.0252,4,0.221,-10.29,0,0.0684,152.921,0.865,reggae
0.284,0.728,0.429,7.15e-05,3,0.202,-13.451,1,0.0584,82.782,0.668,reggae
0.075,0.881,0.553,0.0,1,0.0639,-7.376,1,0.0487,99.022,0.835,reggae
0.221,0.714,0.561,0.0,10,0.116,-12.986,1,0.0421,96.12,0.647,reggae
0.206,0.806,0.457,7.22e-06,0,0.0823,-9.777,1,0.037,101.014,0.876,reggae
0.00834,0.754,0.459,0.0,8,0.0742,-5.947,1,0.11,78.079,0.829,reggae
0.105,0.66,0.619,0.0,0,0.127,-8.269,1,0.218,141.24,0.921,reggae
0.0504,0.743,0.755,0.0,0,0.178,-5.19,1,0.1,90.005,0.722,reggae
0.0475,0.557,0.82,0.0,11,0.357,-5.73,1,0.185,78.813,0.452,reggae
0.0223,0.813,0.585,0.0,10,0.21,-6.856,0,0.266,84.995,0.847,reggae
0.169,0.842,0.722,0.0,9,0.255,-7.157,0,0.0464,116.05,0.96,reggae
0.143,0.608,0.778,0.0,0,0.148,-4.964,1,0.347,82.702,0.761,reggae
0.262,0.801,0.734,0.0,1,0.251,-4.983,1,0.0378,146.0,0.814,reggae
0.156,0.758,0.786,0.0,4,0.0658,-4.897,0,0.108,83.495,0.786,reggae
0.0686,0.796,0.675,0.0,8,0.0286,-6.382,1,0.0916,148.104,0.935,reggae
0.0552,0.782,0.744,1.42e-05,7,0.701,-6.164,1,0.0806,81.067,0.7,reggae
0.429,0.911,0.565,0.0,9,0.0802,-6.209,0,0.0718,96.012,0.751,reggae
0.424,0.634,0.702,0.0,0,0.339,-3.557,1,0.0898,127.899,0.716,reggae
0.442,0.5,0.698,0.0,1,0.683,-3.878,0,0.384,93.035,0.73,reggae
0.00606,0.583,0.69,4.6e-05,8,0.236,-6.542,0,0.0895,174.128,0.523,reggae
0.165,0.589,0.696,0.0,2,0.174,-6.792,1,0.159,112.18,0.518,reggae
0.118,0.754,0.638,0.0,5,0.204,-7.951,0,0.303,90.137,0.437,reggae
0.749,0.794,0.471,1.68e-05,1,0.101,-10.046,0,0.0541,99.986,0.52,reggae
0.177,0.529,0.766,0.0,5,0.0675,-3.169,0,0.259,82.604,0.569,reggae
0.187,0.686,0.612,0.0,11,0.314,-6.418,0,0.228,92.059,0.601,reggae
0.0569,0.591,0.493,0.0,2,0.0704,-7.076,0,0.0658,140.031,0.255,reggae
0.112,0.547,0.558,0.0,9,0.112,-6.745,0,0.309,93.872,0.422,reggae
0.0381,0.788,0.773,0.0,9,0.35,-5.272,0,0.099,73.978,0.584,reggae
0.0773,0.804,0.607,0.0,10,0.0993,-6.84,0,0.37,142.421,0.823,reggae
0.0353,0.758,0.643,0.0,7,0.134,-6.107,1,0.392,76.757,0.568,reggae
0.0335,0.883,0.676,0.0,4,0.328,-6.227,0,0.203,76.697,0.643,reggae
0.0211,0.629,0.392,0.113,11,0.246,-14.441,0,0.186,128.823,0.37,reggae
0.0314,0.918,0.393,0.000153,7,0.0269,-16.088,1,0.15,131.84,0.803,reggae
0.0183,0.713,0.541,0.000661,6,0.97,-12.636,0,0.1,83.338,0.577,reggae
0.057,0.707,0.716,4.25e-06,10,0.36,-8.962,0,0.0879,154.118,0.966,reggae
0.232,0.833,0.575,0.0,4,0.139,-9.341,0,0.238,78.689,0.807,reggae
0.0719,0.855,0.473,2.71e-05,11,0.0795,-9.846,0,0.146,139.175,0.682,reggae
0.269,0.89,0.643,0.0219,4,0.0569,-7.019,0,0.0525,126.442,0.919,reggae
0.258,0.734,0.631,2.43e-06,5,0.0752,-6.887,1,0.098,141.478,0.962,reggae
0.00307,0.891,0.397,0.00121,7,0.0736,-9.888,1,0.261,131.604,0.747,reggae
0.237,0.913,0.461,5.86e-06,0,0.0888,-8.361,1,0.059,110.189,0.979,reggae
0.00549,0.939,0.65,0.0,9,0.0429,-8.282,0,0.0618,134.727,0.968,reggae
0.242,0.918,0.503,4.54e-05,9,0.0677,-7.944,0,0.0368,128.674,0.949,reggae
0.0839,0.849,0.555,1.08e-05,4,0.158,-8.765,0,0.203,136.112,0.365,reggae
0.0298,0.9,0.387,0.000821,9,0.0483,-10.059,0,0.259,121.164,0.77,reggae
0.237,0.835,0.552,0.000249,9,0.0534,-8.616,0,0.0814,155.714,0.904,reggae
0.115,0.874,0.371,3.33e-06,11,0.201,-9.154,0,0.0975,134.866,0.742,reggae
0.0901,0.932,0.611,0.00156,9,0.0467,-8.278,1,0.0853,125.238,0.77,reggae
0.197,0.745,0.424,0.000151,4,0.0676,-8.665,0,0.076,146.146,0.699,reggae
0.00856,0.736,0.735,2.77e-05,2,0.0627,-8.471,1,0.0458,139.072,0.961,reggae
0.00934,0.574,0.924,1.98e-05,9,0.465,-5.006,0,0.109,77.402,0.814,reggae
0.129,0.662,0.702,6.4e-05,4,0.0868,-8.232,0,0.0691,77.943,0.544,reggae
0.0799,0.656,0.708,0.0,7,0.0651,-7.792,1,0.334,74.707,0.862,reggae
0.114,0.464,0.56,0.0,9,0.224,-11.309,1,0.0945,73.461,0.549,reggae
0.0745,0.581,0.952,4.3e-05,4,0.0989,-5.747,0,0.194,144.273,0.78,reggae
0.0151,0.738,0.567,0.0,11,0.126,-6.658,1,0.0894,84.038,0.408,reggae
0.386,0.788,0.341,1.9e-05,11,0.0596,-14.615,0,0.209,143.684,0.834,reggae
0.272,0.779,0.533,0.159,6,0.13,-14.152,1,0.0535,142.495,0.944,reggae
0.122,0.789,0.502,3.29e-05,9,0.0694,-11.898,0,0.0564,140.292,0.898,reggae
0.321,0.696,0.476,5.3e-05,2,0.0831,-12.709,1,0.113,134.808,0.816,reggae
0.229,0.883,0.521,0.0,4,0.0794,-6.845,1,0.309,143.804,0.962,reggae
0.0149,0.785,0.574,0.0,6,0.0589,-12.885,0,0.114,141.008,0.948,reggae
0.0234,0.915,0.591,5.36e-06,0,0.107,-9.292,1,0.0755,130.366,0.714,reggae
0.00954,0.874,0.491,0.00629,6,0.0484,-7.737,0,0.121,74.099,0.364,reggae
0.0151,0.776,0.619,1.24e-05,1,0.0366,-7.299,0,0.161,81.189,0.757,reggae
0.0305,0.916,0.914,0.000239,11,0.059,-6.519,0,0.0534,127.616,0.962,reggae
0.459,0.805,0.418,0.0,7,0.288,-14.374,1,0.0978,149.737,0.966,reggae
0.141,0.742,0.42,0.0,8,0.094,-14.677,1,0.0792,149.734,0.973,reggae
0.148,0.826,0.508,0.0,2,0.124,-8.713,1,0.0798,81.564,0.91,reggae
0.365,0.694,0.518,0.0135,7,0.116,-9.773,1,0.0436,81.635,0.824,reggae
0.486,0.808,0.297,0.000137,0,0.112,-13.156,0,0.0579,100.576,0.678,reggae
0.686,0.633,0.474,6.83e-06,7,0.168,-6.472,1,0.0312,84.896,0.932,reggae
0.255,0.669,0.604,0.000578,11,0.223,-6.202,1,0.143,76.525,0.846,reggae
0.611,0.677,0.346,0.00613,0,0.0646,-9.039,1,0.0595,173.056,0.778,reggae
0.0785,0.866,0.548,0.272,0,0.0794,-10.064,1,0.261,142.752,0.579,reggae
0.0179,0.838,0.498,1.71e-06,4,0.152,-8.22,0,0.205,74.313,0.308,reggae
0.161,0.586,0.663,0.0,4,0.198,-6.547,0,0.0825,170.743,0.693,reggae
0.00597,0.884,0.4,0.00241,4,0.121,-6.605,1,0.182,78.045,0.738,reggae
0.0658,0.815,0.521,0.00435,1,0.118,-7.043,1,0.0795,84.985,0.87,reggae
0.00215,0.81,0.453,0.313,9,0.0508,-13.104,0,0.0902,132.499,0.827,reggae
0.13,0.746,0.554,0.718,0,0.0857,-12.519,0,0.0635,157.515,0.933,reggae
0.0326,0.8,0.548,0.0054,1,0.0633,-16.243,1,0.0528,134.942,0.925,reggae
0.0432,0.712,0.561,0.0,2,0.286,-11.238,1,0.203,79.757,0.601,reggae
0.0895,0.776,0.51,0.00514,8,0.0757,-11.648,0,0.0848,83.338,0.901,reggae
0.039,0.824,0.366,0.106,7,0.0403,-10.96,1,0.145,73.949,0.895,reggae
0.122,0.87,0.299,0.0514,10,0.0926,-13.409,1,0.248,75.895,0.933,reggae
0.0234,0.807,0.564,0.00106,7,0.176,-7.834,1,0.0858,82.165,0.704,reggae
0.195,0.77,0.394,2.04e-05,9,0.0641,-12.11,1,0.23,77.546,0.603,reggae
0.178,0.816,0.86,0.136,7,0.0868,-4.185,1,0.0935,84.517,0.967,reggae
0.0185,0.839,0.354,0.00889,7,0.0801,-11.373,1,0.149,146.419,0.884,reggae
0.609,0.878,0.486,0.0311,6,0.103,-6.43,0,0.147,88.43,0.759,reggae
0.0898,0.758,0.664,0.0,2,0.265,-4.829,1,0.0634,152.613,0.642,reggae
0.0839,0.749,0.847,1.63e-06,10,0.276,-5.625,0,0.127,82.008,0.758,reggae
0.108,0.727,0.654,0.0,2,0.0541,-8.059,1,0.322,74.662,0.684,reggae
0.00147,0.704,0.615,1.21e-06,7,0.118,-5.191,1,0.0507,168.03,0.493,reggae
0.043,0.718,0.804,3.08e-06,2,0.0383,-6.249,1,0.0434,153.675,0.975,reggae
0.452,0.508,0.301,0.0,9,0.0439,-12.946,1,0.0431,121.197,0.362,reggae
0.0828,0.637,0.681,2.94e-05,9,0.203,-5.794,0,0.223,131.874,0.507,reggae
0.0586,0.701,0.574,0.0,0,0.0519,-5.71,1,0.174,147.819,0.58,reggae
0.544,0.702,0.718,0.0,4,0.119,-6.937,0,0.325,83.59,0.594,reggae
0.0379,0.708,0.604,0.0,0,0.0487,-5.78,1,0.157,148.008,0.523,reggae
0.028,0.532,0.642,0.0,7,0.162,-7.219,1,0.135,140.063,0.724,reggae
0.265,0.649,0.689,0.0,8,0.033,-5.532,1,0.333,127.012,0.508,reggae
0.141,0.778,0.761,4.6e-05,2,0.0441,-5.529,1,0.0525,107.288,0.923,reggae
0.0811,0.757,0.78,0.0,1,0.113,-5.038,1,0.319,97.917,0.589,reggae
0.103,0.765,0.666,0.0,7,0.116,-5.384,1,0.172,87.002,0.757,reggae
0.106,0.951,0.6,0.0,0,0.0712,-4.675,0,0.0685,125.04,0.822,reggae
0.145,0.95,0.803,0.0,1,0.0748,-4.195,1,0.151,117.0,0.86,reggae
0.000624,0.718,0.776,5.3e-06,7,0.207,-5.208,0,0.0693,120.015,0.622,reggae
0.258,0.664,0.712,0.0,10,0.34,-2.758,1,0.131,173.917,0.375,reggae
0.242,0.867,0.538,1.75e-05,2,0.316,-16.183,1,0.361,158.328,0.781,reggae
0.0561,0.853,0.606,0.0,0,0.313,-4.596,1,0.072,94.753,0.653,reggae
0.116,0.74,0.766,0.0,6,0.0406,-2.939,1,0.178,170.531,0.807,reggae
0.485,0.849,0.832,0.0,0,0.343,-7.83,1,0.128,124.558,0.939,reggae
0.0624,0.753,0.516,0.0,10,0.269,-5.582,1,0.0812,85.996,0.673,reggae
0.253,0.734,0.684,0.0,1,0.0497,-13.822,1,0.227,173.607,0.962,reggae
0.161,0.883,0.733,0.00026,11,0.334,-9.153,0,0.128,95.107,0.946,reggae
0.0961,0.95,0.554,0.0,8,0.226,-10.329,1,0.0744,136.537,0.909,reggae
0.072,0.851,0.703,0.0,10,0.201,-9.814,0,0.119,89.789,0.645,reggae
0.00758,0.757,0.406,0.741,11,0.0638,-11.024,0,0.115,95.076,0.904,reggae
0.0268,0.682,0.765,3.42e-05,1,0.188,-5.021,0,0.0395,90.807,0.567,reggae
0.00877,0.804,0.696,0.000985,7,0.314,-7.47,1,0.0899,95.721,0.657,reggae
0.0623,0.69,0.681,0.0,9,0.137,-5.653,1,0.0379,75.034,0.911,reggae
0.0149,0.753,0.484,0.0,9,0.135,-7.519,1,0.258,79.668,0.597,reggae
0.00469,0.761,0.687,0.00532,7,0.245,-6.185,1,0.131,95.089,0.316,reggae
0.0854,0.801,0.548,0.000232,11,0.387,-5.482,0,0.0516,92.059,0.627,reggae
0.0362,0.708,0.757,0.0,7,0.17,-5.121,1,0.0791,80.976,0.552,reggae
0.127,0.795,0.523,0.0037,0,0.185,-12.743,1,0.166,172.115,0.866,reggae
0.0498,0.751,0.473,0.00133,6,0.0896,-10.641,0,0.242,164.889,0.424,reggae
0.33,0.699,0.775,0.0,0,0.121,-5.936,1,0.123,82.058,0.58,reggae
0.332,0.817,0.271,0.0,0,0.0755,-16.549,1,0.554,153.659,0.57,reggae
0.0511,0.83,0.669,0.0,10,0.163,-7.536,0,0.214,74.003,0.92,reggae
0.0954,0.785,0.487,0.00247,0,0.0858,-9.533,1,0.0744,75.281,0.808,reggae
0.0192,0.804,0.577,0.884,1,0.0955,-11.39,1,0.0441,131.968,0.429,reggae
0.194,0.812,0.738,0.275,9,0.0765,-4.61,0,0.112,77.279,0.937,reggae
0.0447,0.789,0.674,0.948,8,0.133,-8.266,0,0.0509,133.104,0.929,reggae
0.519,0.885,0.599,0.88,10,0.0799,-5.273,0,0.0716,133.098,0.752,reggae
0.149,0.77,0.651,4.07e-05,5,0.123,-6.488,0,0.0399,147.592,0.959,reggae
0.15,0.719,0.434,0.0,5,0.261,-9.359,1,0.0863,76.669,0.583,reggae
0.0832,0.822,0.443,8.58e-06,0,0.052,-9.718,1,0.0551,77.391,0.833,reggae
0.122,0.739,0.664,2.01e-06,5,0.0942,-8.505,1,0.361,72.991,0.872,reggae
0.271,0.411,0.404,0.0,0,0.3,-9.928,0,0.0511,71.068,0.226,rock
0.58,0.338,0.34,0.0032,9,0.116,-12.049,0,0.0339,82.433,0.197,rock
2.55e-05,0.502,0.912,0.000173,1,0.106,-4.556,1,0.0564,116.761,0.72,rock
0.011,0.31,0.7,0.00965,9,0.0828,-5.678,1,0.047,188.386,0.763,rock
0.15,0.472,0.366,0.312,11,0.0837,-12.595,0,0.0286,127.163,0.171,rock
0.0026,0.569,0.838,0.00836,6,0.0628,-8.421,0,0.0302,123.299,0.615,rock
0.09,0.445,0.952,0.0843,6,0.112,-5.321,1,0.0522,125.304,0.624,rock
0.061,0.574,0.913,0.00158,6,0.156,-4.793,0,0.133,115.728,0.423,rock
0.397,0.392,0.476,0.000163,1,0.309,-7.583,1,0.0249,78.031,0.234,rock
0.0493,0.464,0.795,0.00244,1,0.399,-9.267,1,0.0926,158.691,0.612,rock
0.271,0.411,0.404,0.0,0,0.3,-9.928,0,0.0511,71.068,0.226,rock
0.58,0.338,0.34,0.0032,9,0.116,-12.049,0,0.0339,82.433,0.197,rock
2.55e-05,0.502,0.912,0.000173,1,0.106,-4.556,1,0.0564,116.761,0.72,rock
0.011,0.31,0.7,0.00965,9,0.0828,-5.678,1,0.047,188.386,0.763,rock
0.15,0.472,0.366,0.312,11,0.0837,-12.595,0,0.0286,127.163,0.171,rock
0.0026,0.569,0.838,0.00836,6,0.0628,-8.421,0,0.0302,123.299,0.615,rock
0.09,0.445,0.952,0.0843,6,0.112,-5.321,1,0.0522,125.304,0.624,rock
0.061,0.574,0.913,0.00158,6,0.156,-4.793,0,0.133,115.728,0.423,rock
0.397,0.392,0.476,0.000163,1,0.309,-7.583,1,0.0249,78.031,0.234,rock
0.0493,0.464,0.795,0.00244,1,0.399,-9.267,1,0.0926,158.691,0.612,rock
0.00165,0.619,0.67,0.0109,11,0.331,-10.322,0,0.0353,129.269,0.777,rock
0.00889,0.349,0.985,0.561,10,0.36,-5.676,0,0.122,151.007,0.322,rock
0.00287,0.532,0.767,0.000513,7,0.39,-5.509,1,0.0574,127.361,0.755,rock
0.05,0.294,0.745,0.125,5,0.676,-9.138,1,0.0461,134.364,0.347,rock
0.0263,0.551,0.914,1.35e-05,0,0.347,-4.063,0,0.0465,119.994,0.543,rock
0.0607,0.699,0.502,0.0337,9,0.317,-12.526,1,0.0278,105.267,0.676,rock
0.00255,0.438,0.805,5.69e-05,8,0.0842,-6.237,1,0.0624,113.253,0.564,rock
0.00016,0.5,0.824,0.00161,4,0.0916,-5.846,0,0.0388,120.125,0.539,rock
0.011,0.31,0.7,0.00965,9,0.0828,-5.678,1,0.047,188.386,0.763,rock
0.061,0.574,0.913,0.00158,6,0.156,-4.793,0,0.133,115.728,0.423,rock
0.000147,0.502,0.89,0.0117,4,0.217,-5.175,1,0.0364,133.52,0.259,rock
0.00532,0.389,0.873,0.0055,4,0.273,-4.768,0,0.0475,106.767,0.303,rock
0.000239,0.457,0.904,0.0879,2,0.396,-5.303,1,0.0747,141.038,0.48,rock
0.153,0.754,0.759,0.000108,9,0.101,-5.218,1,0.302,126.366,0.435,rock
0.00287,0.532,0.767,0.000513,7,0.39,-5.509,1,0.0574,127.361,0.755,rock
0.000376,0.37,0.919,0.419,4,0.49,-5.721,1,0.102,134.021,0.471,rock
0.000647,0.543,0.836,0.431,4,0.153,-9.11,0,0.0353,105.173,0.56,rock
0.0026,0.569,0.838,0.00836,6,0.0628,-8.421,0,0.0302,123.299,0.615,rock
0.00563,0.518,0.858,0.00349,0,0.0598,-6.147,1,0.0672,117.897,0.249,rock
0.000666,0.439,0.691,0.0777,7,0.423,-9.158,1,0.0608,103.281,0.433,rock
0.000848,0.625,0.876,0.00198,7,0.0639,-5.998,1,0.035,89.233,0.46,rock
2.02e-05,0.49,0.951,0.0027,1,0.0314,-3.777,1,0.0477,106.946,0.589,rock
0.0179,0.526,0.579,0.00861,7,0.216,-9.489,1,0.0257,139.496,0.211,rock
0.000249,0.29,0.977,0.257,4,0.0801,-5.487,1,0.169,100.919,0.166,rock
0.037,0.445,0.964,0.0132,9,0.0773,-5.493,1,0.282,140.817,0.448,rock
0.00022,0.481,0.928,0.558,11,0.106,-8.799,0,0.0672,96.699,0.427,rock
0.000237,0.354,0.982,0.000294,4,0.204,-3.026,0,0.168,143.772,0.194,rock
0.00269,0.568,0.981,0.00275,2,0.0243,-3.889,1,0.0887,135.146,0.307,rock
0.0177,0.291,0.974,5.44e-06,6,0.886,-2.997,0,0.171,134.724,0.348,rock
0.00208,0.382,0.996,0.0,7,0.417,-4.119,1,0.104,93.345,0.327,rock
0.00591,0.398,0.939,0.000881,9,0.357,-2.865,0,0.0648,92.027,0.235,rock
0.000118,0.427,0.946,0.0253,7,0.0604,-2.188,1,0.0469,101.305,0.237,rock
0.012,0.544,0.69,0.0095,6,0.0615,-5.723,0,0.0425,123.962,0.219,rock
5.8e-05,0.462,0.996,0.00377,11,0.139,-2.973,0,0.231,122.072,0.145,rock
0.000278,0.417,0.934,0.0015,7,0.132,-3.908,0,0.119,127.066,0.287,rock
0.000264,0.413,0.873,0.00249,8,0.204,-4.151,1,0.0536,116.68,0.48,rock
0.00662,0.538,0.981,0.0,1,0.219,-2.688,0,0.14,101.414,0.711,rock
0.000915,0.364,0.922,0.0346,0,0.0697,-4.217,0,0.0567,79.342,0.227,rock
0.0202,0.493,0.974,8.31e-05,1,0.182,-3.252,1,0.135,99.647,0.354,rock
6.28e-05,0.423,0.685,0.00642,4,0.133,-9.651,0,0.078,162.78,0.328,rock
0.00312,0.334,0.828,0.0043,9,0.0949,-9.168,1,0.0985,157.891,0.515,rock
0.128,0.369,0.679,0.0125,6,0.197,-9.729,0,0.0742,91.883,0.508,rock
0.0352,0.337,0.722,0.052,6,0.101,-11.384,1,0.0478,149.103,0.28,rock
0.141,0.463,0.552,9.66e-06,4,0.129,-9.403,0,0.0605,105.495,0.421,rock
0.229,0.364,0.616,0.000194,1,0.0962,-8.162,0,0.0507,136.998,0.425,rock
0.00313,0.322,0.991,0.0035,6,0.0708,-4.453,1,0.213,140.221,0.198,rock
7.62e-06,0.27,0.886,0.0258,11,0.0899,-6.9,1,0.117,119.283,0.19,rock
0.000431,0.304,0.947,0.00192,1,0.156,-5.302,1,0.0917,145.324,0.427,rock
0.00653,0.303,0.978,0.0,8,0.0958,-2.123,1,0.122,170.286,0.28,rock
0.000155,0.43,0.704,0.00221,1,0.0933,-8.008,0,0.0804,118.242,0.703,rock
0.00437,0.415,0.908,0.0345,2,0.082,-9.701,1,0.0765,114.816,0.437,rock
0.000748,0.504,0.856,0.359,7,0.114,-6.271,1,0.0423,95.402,0.585,rock
0.000212,0.274,0.726,0.0113,9,0.0993,-11.541,1,0.0449,146.449,0.426,rock
0.000594,0.419,0.878,0.559,7,0.139,-6.352,1,0.0553,147.385,0.666,rock
4.2e-06,0.329,0.954,0.000614,8,0.051,-7.006,0,0.0722,156.899,0.627,rock
0.0266,0.466,0.833,0.0,7,0.0327,-4.215,1,0.304,88.785,0.661,rock
0.0124,0.412,0.919,0.0601,5,0.424,-7.291,1,0.184,166.367,0.572,rock
0.0129,0.599,0.957,7.06e-05,11,0.155,-5.764,1,0.188,103.68,0.489,rock
0.00162,0.426,0.929,0.105,2,0.0789,-6.729,1,0.0701,127.059,0.539,rock
0.00171,0.642,0.899,0.135,9,0.326,-6.92,0,0.0381,125.115,0.726,rock
0.0054,0.51,0.917,0.000133,4,0.396,-4.806,0,0.0854,75.098,0.313,rock
5.54e-05,0.521,0.895,0.349,7,0.0985,-5.242,1,0.0442,120.117,0.237,rock
0.00138,0.648,0.896,0.000819,2,0.0879,-4.254,1,0.041,128.115,0.468,rock
0.00268,0.501,0.76,0.0616,2,0.152,-5.802,0,0.0343,83.046,0.138,rock
0.00115,0.625,0.597,0.0162,2,0.408,-6.933,1,0.0281,96.066,0.273,rock
9.12e-05,0.491,0.966,0.346,3,0.153,-3.974,1,0.0463,95.141,0.223,rock
0.0318,0.285,0.908,0.00909,4,0.311,-4.601,0,0.0705,159.756,0.669,rock
0.0286,0.249,0.943,0.00401,0,0.162,-5.188,1,0.0669,173.671,0.458,rock
0.088,0.409,0.89,0.107,0,0.0935,-6.839,1,0.0558,100.409,0.268,rock
0.000739,0.308,0.866,0.00141,2,0.232,-5.671,0,0.059,109.825,0.227,rock
0.0346,0.313,0.882,0.338,0,0.45,-6.215,1,0.0355,103.981,0.3,rock
0.0337,0.3,0.936,0.021,2,0.158,-5.399,1,0.0456,133.065,0.756,rock
0.0263,0.314,0.959,0.000148,4,0.161,-4.657,0,0.0908,154.221,0.492,rock
0.024,0.362,0.961,9.35e-06,2,0.159,-5.664,1,0.0857,164.019,0.491,rock
0.000195,0.435,0.987,0.0879,1,0.268,-4.667,0,0.16,103.162,0.1,rock
0.00572,0.519,0.833,4.33e-06,6,0.104,-6.947,0,0.0496,138.225,0.532,rock
0.000716,0.437,0.948,0.000261,4,0.146,-6.041,0,0.0554,96.72,0.361,rock
0.0136,0.61,0.824,1.75e-06,4,0.0606,-6.046,1,0.0534,134.992,0.819,rock
0.174,0.551,0.876,9.04e-06,9,0.397,-7.02,1,0.037,151.575,0.746,rock
0.00177,0.325,0.985,0.107,11,0.351,-3.941,1,0.151,125.307,0.221,rock
0.00052,0.663,0.91,0.675,4,0.112,-5.131,0,0.0495,140.044,0.708,rock
5.87e-05,0.248,0.988,0.84,2,0.323,-3.74,1,0.144,115.301,0.149,rock
0.00203,0.519,0.982,0.00055,7,0.0971,-3.547,1,0.108,97.745,0.361,rock
8.57e-05,0.322,0.932,0.817,4,0.0969,-4.252,0,0.163,138.042,0.376,rock
0.000393,0.272,0.747,4.03e-05,5,0.16,-4.86,0,0.0401,202.777,0.255,rock
0.000405,0.227,0.995,0.393,10,0.127,-4.361,0,0.173,87.499,0.0363,rock
9.41e-05,0.326,0.995,0.386,1,0.145,-4.38,1,0.147,105.459,0.092,rock
0.000132,0.31,0.991,0.085,5,0.0969,-3.769,0,0.316,140.071,0.0395,rock
0.00338,0.263,0.97,0.000795,5,0.0922,-4.182,0,0.163,151.729,0.17,rock
7.65e-05,0.332,0.988,0.0126,8,0.055,-4.111,1,0.146,98.878,0.097,rock
0.000996,0.695,0.876,6.89e-06,3,0.106,-4.262,0,0.0553,89.954,0.941,rock
0.123,0.68,0.721,0.0,6,0.162,-4.379,0,0.188,125.963,0.244,rock
0.000209,0.429,0.966,0.124,8,0.371,-4.605,1,0.0733,179.956,0.525,rock
9.14e-05,0.402,0.969,0.0325,8,0.225,-2.825,1,0.181,173.847,0.262,rock
2.55e-05,0.54,0.977,0.0588,1,0.0533,-3.409,1,0.0876,106.907,0.211,rock
0.00234,0.49,0.938,2.17e-05,1,0.186,-3.916,1,0.129,196.143,0.437,rock
2.23e-05,0.353,0.898,0.105,2,0.39,-5.877,1,0.052,103.299,0.525,rock
0.00014,0.468,0.769,0.00124,4,0.271,-7.036,1,0.041,104.102,0.17,rock
0.00678,0.283,0.891,0.0038,2,0.159,-8.165,1,0.178,92.049,0.226,rock
0.000643,0.687,0.677,0.000137,2,0.0564,-4.172,1,0.0508,75.052,0.545,rock
1.85e-05,0.498,0.905,0.765,11,0.383,-5.721,0,0.0521,123.338,0.584,rock
0.00043,0.581,0.983,0.00654,5,0.0806,-3.291,0,0.0636,110.038,0.417,rock
0.0014,0.492,0.969,1.32e-06,9,0.0787,-4.419,1,0.0491,95.136,0.538,rock
0.00022,0.524,0.939,0.0,9,0.623,-3.994,1,0.113,150.184,0.661,rock
0.0466,0.58,0.702,3.2e-06,4,0.536,-5.565,1,0.0337,105.076,0.299,rock
0.00958,0.556,0.864,0.0,3,0.209,-5.87,0,0.0584,105.143,0.4,rock
0.127,0.554,0.98,0.0,4,0.0833,-3.514,1,0.108,135.12,0.611,rock
0.00113,0.655,0.886,0.000409,7,0.0448,-4.116,1,0.0435,100.088,0.938,rock
0.03,0.512,0.97,0.0,8,0.0994,-3.886,0,0.212,94.952,0.427,rock
0.0484,0.412,0.902,0.131,9,0.405,-11.6,1,0.405,89.74,0.422,rock
0.013,0.564,0.932,0.169,11,0.349,-10.068,1,0.0554,112.937,0.619,rock
0.396,0.437,0.864,0.0314,4,0.242,-7.842,0,0.0904,81.394,0.749,rock
0.452,0.483,0.615,0.000414,2,0.0512,-8.538,1,0.0497,80.576,0.594,rock
0.000582,0.317,0.887,0.00258,9,0.0891,-7.292,1,0.0375,169.613,0.871,rock
0.13,0.598,0.676,0.225,0,0.112,-9.211,1,0.0279,114.169,0.805,rock
0.135,0.307,0.909,0.0336,9,0.125,-7.08,0,0.0574,173.674,0.443,rock
0.0155,0.387,0.94,0.023,7,0.327,-6.192,1,0.0376,98.533,0.582,rock
0.00348,0.521,0.721,0.0113,2,0.391,-7.699,1,0.0254,97.578,0.611,rock
0.0264,0.62,0.878,0.776,9,0.235,-9.064,1,0.0443,129.236,0.708,rock
0.0195,0.454,0.987,0.279,8,0.268,-4.485,1,0.0881,123.61,0.316,rock
0.09,0.445,0.952,0.0843,6,0.112,-5.321,1,0.0522,125.304,0.624,rock
0.019,0.268,0.98,0.00692,11,0.182,-5.959,1,0.101,100.316,0.39,rock
0.13,0.393,0.995,0.00461,1,0.263,-4.946,1,0.103,148.196,0.198,rock
0.00889,0.349,0.985,0.561,10,0.36,-5.676,0,0.122,151.007,0.322,rock
0.0803,0.33,0.787,0.0632,10,0.32,-8.806,0,0.0732,139.918,0.382,rock
0.000337,0.428,0.874,0.0419,4,0.311,-6.664,0,0.128,119.708,0.261,rock
0.000291,0.475,0.953,0.00338,2,0.104,-6.951,1,0.15,118.033,0.232,rock
0.000275,0.332,0.946,0.0304,2,0.136,-6.233,1,0.127,153.091,0.303,rock
0.00801,0.53,0.95,0.205,10,0.33,-5.402,0,0.0959,112.627,0.411,rock
0.0012,0.567,0.714,0.417,9,0.186,-8.512,0,0.0302,107.441,0.191,rock
5.16e-05,0.506,0.877,0.776,0,0.0712,-5.73,1,0.032,114.589,0.302,rock
0.00152,0.375,0.682,0.598,0,0.0897,-6.898,0,0.0364,159.23,0.396,rock
0.000148,0.469,0.79,0.372,7,0.282,-6.889,1,0.0391,107.45,0.466,rock
0.000183,0.385,0.673,0.149,2,0.0721,-8.182,1,0.0329,149.271,0.187,rock
0.000297,0.58,0.916,0.0259,3,0.126,-4.358,0,0.0387,118.004,0.683,rock
0.000248,0.541,0.968,8.28e-06,0,0.423,-4.129,1,0.0396,125.04,0.505,rock
0.000429,0.487,0.949,2.91e-05,2,0.231,-4.217,0,0.0798,110.02,0.406,rock
3.56e-05,0.378,0.959,0.000138,6,0.102,-4.615,1,0.062,174.932,0.338,rock
2.81e-05,0.219,0.92,0.0,0,0.102,-4.479,1,0.0623,166.188,0.376,rock
1.74e-05,0.395,0.756,0.00665,7,0.319,-4.12,1,0.0544,112.092,0.475,rock
0.17,0.778,0.614,2.61e-06,10,0.102,-9.897,0,0.0487,120.005,0.853,rock
3.87e-05,0.363,0.921,0.00585,2,0.476,-5.192,1,0.0726,99.265,0.446,rock
7.19e-05,0.543,0.808,0.00336,10,0.114,-5.484,1,0.0407,95.19,0.472,rock
0.00721,0.481,0.932,0.0,4,0.337,-4.592,0,0.083,149.992,0.543,rock
0.00149,0.322,0.812,0.0,0,0.0986,-5.568,0,0.0505,159.933,0.124,rock
0.000595,0.557,0.886,9.84e-05,11,0.0904,-4.196,0,0.0498,114.025,0.17,rock
2.08e-05,0.485,0.987,0.0,4,0.267,-3.1,1,0.0738,123.576,0.272,rock
0.000599,0.537,0.964,1.14e-05,9,0.0564,-4.157,1,0.113,155.017,0.712,rock
8.06e-05,0.513,0.995,1.13e-05,6,0.364,-3.384,0,0.165,130.97,0.0401,rock
0.000278,0.365,0.958,0.00417,1,0.459,-3.729,1,0.108,104.009,0.154,rock
7.01e-05,0.272,0.984,0.00345,0,0.345,-4.546,0,0.137,110.336,0.0946,rock
1.6e-05,0.344,0.971,0.0806,1,0.0893,-4.638,1,0.106,192.117,0.108,rock
6.86e-05,0.195,0.976,0.000912,8,0.263,-4.381,1,0.0808,180.372,0.531,rock
1.94e-05,0.279,0.987,0.000122,0,0.12,-4.578,1,0.0992,85.629,0.22,rock
0.0125,0.473,0.783,0.475,10,0.268,-10.671,0,0.0869,91.976,0.124,rock
7.06e-05,0.508,0.912,0.403,9,0.0492,-8.049,0,0.0368,117.582,0.682,rock
0.014,0.295,0.833,0.0683,9,0.0816,-8.279,0,0.0764,172.756,0.625,rock
4.99e-06,0.327,0.873,0.0172,9,0.247,-10.779,0,0.0514,153.012,0.48,rock
0.408,0.454,0.913,0.000271,9,0.248,-4.008,1,0.107,137.688,0.521,rock
0.212,0.307,0.748,0.000153,2,0.368,-6.514,0,0.0568,108.227,0.347,rock
0.00253,0.303,0.961,6.2e-05,9,0.132,-5.333,0,0.243,146.591,0.305,rock
0.00167,0.346,0.749,8.86e-05,6,0.648,-6.506,1,0.035,102.591,0.315,rock
0.0629,0.493,0.636,2.49e-06,1,0.0921,-7.408,1,0.0256,79.419,0.279,rock
0.000286,0.297,0.842,9.1e-06,6,0.0848,-7.457,1,0.0488,100.127,0.586,rock
0.00045,0.355,0.791,0.0,8,0.0969,-7.565,1,0.0453,106.392,0.758,rock
0.0289,0.263,0.562,0.00118,3,0.12,-7.858,1,0.0273,146.08,0.213,rock
0.023,0.16,0.954,4.01e-06,9,0.372,-5.179,1,0.0685,165.223,0.336,rock
2.17e-05,0.457,0.902,0.196,7,0.258,-5.624,1,0.0313,92.711,0.834,rock
0.000217,0.35,0.828,0.000161,6,0.0774,-5.373,1,0.041,105.435,0.147,rock
0.000173,0.485,0.841,0.00686,2,0.125,-6.068,0,0.0307,94.867,0.551,rock
1.65e-05,0.307,0.917,0.00044,9,0.0566,-7.599,1,0.0977,101.879,0.266,rock
2.55e-05,0.502,0.912,0.000173,1,0.106,-4.556,1,0.0564,116.761,0.72,rock
3.33e-05,0.436,0.876,0.000104,10,0.205,-4.902,0,0.0647,157.044,0.512,rock
0.00174,0.678,0.656,0.0,7,0.0631,-6.41,1,0.0381,123.207,0.485,rock
0.199,0.256,0.641,0.0329,1,0.0853,-10.283,1,0.0552,203.006,0.382,rock
3.69e-06,0.262,0.969,0.00213,4,0.133,-4.675,1,0.0894,158.433,0.263,rock
0.00178,0.394,0.944,4.54e-06,10,0.298,-6.506,0,0.0761,105.338,0.265,rock
0.00752,0.284,0.875,0.000461,11,0.402,-6.069,0,0.0422,75.009,0.595,rock
0.0404,0.285,0.846,0.0,2,0.182,-6.472,1,0.0438,108.808,0.287,rock
0.323,0.36,0.684,0.0,4,0.34,-6.457,0,0.0308,77.15,0.2,rock
5.99e-05,0.413,0.881,0.000308,11,0.0805,-5.541,0,0.0367,158.066,0.364,rock
0.000917,0.433,0.959,0.0,9,0.028,-4.04,1,0.0431,172.984,0.365,rock
0.000769,0.366,0.94,9.42e-05,1,0.188,-5.119,0,0.0696,130.198,0.369,rock
1.83e-05,0.401,0.953,2.56e-05,4,0.149,-4.276,1,0.0752,174.217,0.555,rock
0.000218,0.577,0.604,0.000579,5,0.477,-5.703,1,0.0495,167.719,0.637,rock
3.31e-05,0.53,0.903,0.182,2,0.259,-4.396,0,0.0483,129.983,0.747,rock
0.00254,0.555,0.798,1.5e-05,3,0.171,-5.658,1,0.0279,89.987,0.284,rock
1.93e-05,0.619,0.696,0.00555,7,0.38,-6.263,0,0.0315,125.984,0.727,rock
6.11e-06,0.524,0.944,0.526,2,0.135,-5.73,0,0.0839,124.03,0.24,rock
0.000674,0.566,0.871,0.00144,5,0.107,-4.833,1,0.0311,88.012,0.41,rock
0.0174,0.6,0.849,0.00205,9,0.0745,-5.788,0,0.0376,140.002,0.257,rock
0.000799,0.541,0.901,0.0467,6,0.0572,-5.654,0,0.0415,105.05,0.194,rock
0.000291,0.214,0.959,0.0162,2,0.377,-5.118,1,0.105,82.415,0.179,rock
0.000355,0.241,0.951,0.000192,4,0.131,-4.953,0,0.175,195.028,0.401,rock
0.000394,0.472,0.925,0.000528,6,0.0826,-3.545,0,0.15,159.989,0.338,rock
3.81e-05,0.403,0.965,0.000276,6,0.341,-2.238,1,0.0964,112.363,0.431,rock
0.00201,0.15,0.859,0.194,4,0.387,-2.827,0,0.0595,170.527,0.354,rock
0.000455,0.426,0.888,0.0,0,0.306,-3.72,0,0.0987,144.111,0.387,rock
4.02e-05,0.295,0.924,0.00462,5,0.377,-3.407,1,0.0678,171.941,0.219,rock
0.000235,0.456,0.985,0.00368,6,0.103,-2.949,1,0.207,143.006,0.183,rock
0.00054,0.5,0.817,0.0,0,0.152,-3.501,1,0.0459,90.01,0.599,rock
0.000323,0.497,0.916,0.0,7,0.36,-3.323,1,0.108,96.051,0.401,rock
0.000207,0.434,0.929,0.00109,1,0.0916,-2.749,1,0.147,92.541,0.428,rock
0.000443,0.547,0.963,0.0251,4,0.353,-2.337,0,0.0744,130.061,0.441,rock
0.00269,0.568,0.981,0.00275,2,0.0243,-3.889,1,0.0887,135.146,0.307,rock
0.000234,0.278,0.985,0.000235,11,0.104,-1.934,1,0.129,104.803,0.342,rock
0.000683,0.499,0.97,0.136,0,0.0871,-2.838,1,0.116,106.558,0.0506,rock
0.000647,0.543,0.836,0.431,4,0.153,-9.11,0,0.0353,105.173,0.56,rock
0.0026,0.569,0.838,0.00836,6,0.0628,-8.421,0,0.0302,123.299,0.615,rock
0.000666,0.439,0.691,0.0777,7,0.423,-9.158,1,0.0608,103.281,0.433,rock
0.00563,0.518,0.858,0.00349,0,0.0598,-6.147,1,0.0672,117.897,0.249,rock
0.037,0.445,0.964,0.0132,9,0.0773,-5.493,1,0.282,140.817,0.448,rock
0.0179,0.526,0.579,0.00861,7,0.216,-9.489,1,0.0257,139.496,0.211,rock
0.0543,0.548,0.395,5.41e-06,4,0.0791,-9.794,0,0.0268,142.372,0.182,rock
0.000848,0.625,0.876,0.00198,7,0.0639,-5.998,1,0.035,89.233,0.46,rock
0.00022,0.481,0.928,0.558,11,0.106,-8.799,0,0.0672,96.699,0.427,rock
0.000249,0.29,0.977,0.257,4,0.0801,-5.487,1,0.169,100.919,0.166,rock
5.41e-05,0.437,0.852,0.00751,4,0.131,-7.347,0,0.118,129.257,0.499,rock
0.00369,0.256,0.924,0.234,7,0.114,-6.685,1,0.113,113.574,0.28,rock
0.0002,0.656,0.864,0.0966,4,0.248,-7.895,0,0.0408,93.202,0.627,rock
0.000617,0.537,0.831,0.000571,9,0.117,-7.467,0,0.0364,131.384,0.351,rock
2.02e-05,0.49,0.951,0.0027,1,0.0314,-3.777,1,0.0477,106.946,0.589,rock
6.28e-05,0.423,0.685,0.00642,4,0.133,-9.651,0,0.078,162.78,0.328,rock
0.00312,0.334,0.828,0.0043,9,0.0949,-9.168,1,0.0985,157.891,0.515,rock
0.128,0.369,0.679,0.0125,6,0.197,-9.729,0,0.0742,91.883,0.508,rock
0.0352,0.337,0.722,0.052,6,0.101,-11.384,1,0.0478,149.103,0.28,rock
0.141,0.463,0.552,9.66e-06,4,0.129,-9.403,0,0.0605,105.495,0.421,rock
0.00858,0.333,0.445,0.0451,3,0.167,-16.343,0,0.0283,89.371,0.35,rock
0.229,0.364,0.616,0.000194,1,0.0962,-8.162,0,0.0507,136.998,0.425,rock
0.0318,0.285,0.908,0.00909,4,0.311,-4.601,0,0.0705,159.756,0.669,rock
0.088,0.409,0.89,0.107,0,0.0935,-6.839,1,0.0558,100.409,0.268,rock
0.0286,0.249,0.943,0.00401,0,0.162,-5.188,1,0.0669,173.671,0.458,rock
0.000739,0.308,0.866,0.00141,2,0.232,-5.671,0,0.059,109.825,0.227,rock
0.0346,0.313,0.882,0.338,0,0.45,-6.215,1,0.0355,103.981,0.3,rock
0.0263,0.314,0.959,0.000148,4,0.161,-4.657,0,0.0908,154.221,0.492,rock
0.0337,0.3,0.936,0.021,2,0.158,-5.399,1,0.0456,133.065,0.756,rock
6.28e-05,0.319,0.952,0.154,4,0.918,-5.315,0,0.0723,109.275,0.228,rock
0.00177,0.325,0.985,0.107,11,0.351,-3.941,1,0.151,125.307,0.221,rock
0.00052,0.663,0.91,0.675,4,0.112,-5.131,0,0.0495,140.044,0.708,rock
0.00203,0.519,0.982,0.00055,7,0.0971,-3.547,1,0.108,97.745,0.361,rock
8.57e-05,0.322,0.932,0.817,4,0.0969,-4.252,0,0.163,138.042,0.376,rock
5.87e-05,0.248,0.988,0.84,2,0.323,-3.74,1,0.144,115.301,0.149,rock
0.000405,0.227,0.995,0.393,10,0.127,-4.361,0,0.173,87.499,0.0363,rock
9.41e-05,0.326,0.995,0.386,1,0.145,-4.38,1,0.147,105.459,0.092,rock
0.000132,0.31,0.991,0.085,5,0.0969,-3.769,0,0.316,140.071,0.0395,rock
7.65e-05,0.332,0.988,0.0126,8,0.055,-4.111,1,0.146,98.878,0.097,rock
0.00338,0.263,0.97,0.000795,5,0.0922,-4.182,0,0.163,151.729,0.17,rock
0.000195,0.435,0.987,0.0879,1,0.268,-4.667,0,0.16,103.162,0.1,rock
0.024,0.362,0.961,9.35e-06,2,0.159,-5.664,1,0.0857,164.019,0.491,rock
0.000716,0.437,0.948,0.000261,4,0.146,-6.041,0,0.0554,96.72,0.361,rock
0.0136,0.61,0.824,1.75e-06,4,0.0606,-6.046,1,0.0534,134.992,0.819,rock
0.00572,0.519,0.833,4.33e-06,6,0.104,-6.947,0,0.0496,138.225,0.532,rock
0.000155,0.43,0.704,0.00221,1,0.0933,-8.008,0,0.0804,118.242,0.703,rock
0.00437,0.415,0.908,0.0345,2,0.082,-9.701,1,0.0765,114.816,0.437,rock
0.000212,0.274,0.726,0.0113,9,0.0993,-11.541,1,0.0449,146.449,0.426,rock
0.000748,0.504,0.856,0.359,7,0.114,-6.271,1,0.0423,95.402,0.585,rock
0.000594,0.419,0.878,0.559,7,0.139,-6.352,1,0.0553,147.385,0.666,rock
0.000211,0.372,0.888,0.00442,2,0.115,-5.88,1,0.0943,141.374,0.555,rock
0.000278,0.417,0.934,0.0015,7,0.132,-3.908,0,0.119,127.066,0.287,rock
0.000264,0.413,0.873,0.00249,8,0.204,-4.151,1,0.0536,116.68,0.48,rock
0.00662,0.538,0.981,0.0,1,0.219,-2.688,0,0.14,101.414,0.711,rock
0.000915,0.364,0.922,0.0346,0,0.0697,-4.217,0,0.0567,79.342,0.227,rock
0.00269,0.568,0.981,0.00275,2,0.0243,-3.889,1,0.0887,135.146,0.307,rock
0.000237,0.354,0.982,0.000294,4,0.204,-3.026,0,0.168,143.772,0.194,rock
0.00208,0.382,0.996,0.0,7,0.417,-4.119,1,0.104,93.345,0.327,rock
0.0177,0.291,0.974,5.44e-06,6,0.886,-2.997,0,0.171,134.724,0.348,rock
0.012,0.544,0.69,0.0095,6,0.0615,-5.723,0,0.0425,123.962,0.219,rock
0.334,0.589,0.442,0.000424,4,0.0987,-8.517,1,0.0291,122.688,0.0904,rock
5.8e-05,0.462,0.996,0.00377,11,0.139,-2.973,0,0.231,122.072,0.145,rock
0.000562,0.451,0.993,0.00479,1,0.152,-4.143,1,0.185,100.827,0.14,rock
0.0012,0.567,0.714,0.417,9,0.186,-8.512,0,0.0302,107.441,0.191,rock
0.000148,0.469,0.79,0.372,7,0.282,-6.889,1,0.0391,107.45,0.466,rock
0.00152,0.375,0.682,0.598,0,0.0897,-6.898,0,0.0364,159.23,0.396,rock
0.00108,0.387,0.677,0.871,0,0.101,-8.399,1,0.084,172.812,0.371,rock
5.16e-05,0.506,0.877,0.776,0,0.0712,-5.73,1,0.032,114.589,0.302,rock
0.000174,0.286,0.728,0.836,0,0.133,-6.608,1,0.0616,171.441,0.467,rock
0.000288,0.49,0.78,0.0196,11,0.108,-8.535,0,0.131,108.137,0.387,rock
0.00958,0.556,0.864,0.0,3,0.209,-5.87,0,0.0584,105.143,0.4,rock
0.00353,0.488,0.87,0.0,6,0.484,-4.185,0,0.0421,110.072,0.211,rock
0.0014,0.492,0.969,1.32e-06,9,0.0787,-4.419,1,0.0491,95.136,0.538,rock
0.0466,0.58,0.702,3.2e-06,4,0.536,-5.565,1,0.0337,105.076,0.299,rock
0.105,0.58,0.865,0.0,4,0.106,-4.359,0,0.0313,100.016,0.587,rock
0.00022,0.524,0.939,0.0,9,0.623,-3.994,1,0.113,150.184,0.661,rock
0.127,0.554,0.98,0.0,4,0.0833,-3.514,1,0.108,135.12,0.611,rock
0.00171,0.642,0.899,0.135,9,0.326,-6.92,0,0.0381,125.115,0.726,rock
0.0054,0.51,0.917,0.000133,4,0.396,-4.806,0,0.0854,75.098,0.313,rock
5.54e-05,0.521,0.895,0.349,7,0.0985,-5.242,1,0.0442,120.117,0.237,rock
0.00138,0.648,0.896,0.000819,2,0.0879,-4.254,1,0.041,128.115,0.468,rock
0.00268,0.501,0.76,0.0616,2,0.152,-5.802,0,0.0343,83.046,0.138,rock
9.12e-05,0.491,0.966,0.346,3,0.153,-3.974,1,0.0463,95.141,0.223,rock
0.00115,0.625,0.597,0.0162,2,0.408,-6.933,1,0.0281,96.066,0.273,rock
0.0125,0.473,0.783,0.475,10,0.268,-10.671,0,0.0869,91.976,0.124,rock
7.06e-05,0.508,0.912,0.403,9,0.0492,-8.049,0,0.0368,117.582,0.682,rock
0.014,0.295,0.833,0.0683,9,0.0816,-8.279,0,0.0764,172.756,0.625,rock
0.408,0.454,0.913,0.000271,9,0.248,-4.008,1,0.107,137.688,0.521,rock
0.212,0.307,0.748,0.000153,2,0.368,-6.514,0,0.0568,108.227,0.347,rock
0.00253,0.303,0.961,6.2e-05,9,0.132,-5.333,0,0.243,146.591,0.305,rock
0.00167,0.346,0.749,8.86e-05,6,0.648,-6.506,1,0.035,102.591,0.315,rock
0.0105,0.282,0.656,0.0,8,0.0892,-6.557,1,0.0302,139.352,0.242,rock
0.00499,0.315,0.938,5.6e-05,1,0.19,-6.264,1,0.086,125.277,0.527,rock
0.00178,0.493,0.866,2.23e-05,0,0.0775,-5.665,1,0.0976,131.06,0.489,rock
2.23e-05,0.353,0.898,0.105,2,0.39,-5.877,1,0.052,103.299,0.525,rock
0.00678,0.283,0.891,0.0038,2,0.159,-8.165,1,0.178,92.049,0.226,rock
0.00014,0.468,0.769,0.00124,4,0.271,-7.036,1,0.041,104.102,0.17,rock
1.85e-05,0.498,0.905,0.765,11,0.383,-5.721,0,0.0521,123.338,0.584,rock
0.000643,0.687,0.677,0.000137,2,0.0564,-4.172,1,0.0508,75.052,0.545,rock
0.00043,0.581,0.983,0.00654,5,0.0806,-3.291,0,0.0636,110.038,0.417,rock
0.000996,0.695,0.876,6.89e-06,3,0.106,-4.262,0,0.0553,89.954,0.941,rock
0.123,0.68,0.721,0.0,6,0.162,-4.379,0,0.188,125.963,0.244,rock
9.14e-05,0.402,0.969,0.0325,8,0.225,-2.825,1,0.181,173.847,0.262,rock
0.000209,0.429,0.966,0.124,8,0.371,-4.605,1,0.0733,179.956,0.525,rock
0.000233,0.463,0.962,0.109,7,0.0906,-6.43,1,0.0704,94.003,0.66,rock
2.55e-05,0.54,0.977,0.0588,1,0.0533,-3.409,1,0.0876,106.907,0.211,rock
0.000297,0.58,0.916,0.0259,3,0.126,-4.358,0,0.0387,118.004,0.683,rock
0.000429,0.487,0.949,2.91e-05,2,0.231,-4.217,0,0.0798,110.02,0.406,rock
0.000248,0.541,0.968,8.28e-06,0,0.423,-4.129,1,0.0396,125.04,0.505,rock
0.0244,0.486,0.881,0.0,2,0.429,-5.623,0,0.0474,144.997,0.667,rock
0.000359,0.447,0.876,0.00103,2,0.255,-5.446,0,0.066,92.535,0.532,rock
0.000729,0.213,0.927,4.85e-06,7,0.081,-3.378,0,0.14,162.109,0.28,rock
8.07e-05,0.569,0.883,7.74e-05,2,0.0883,-4.41,0,0.0748,134.001,0.373,rock
2.98e-05,0.306,0.995,0.00859,2,0.254,-3.203,1,0.1,127.908,0.135,rock
0.000996,0.24,0.968,0.000106,0,0.119,-3.669,0,0.109,89.686,0.119,rock
0.0303,0.488,0.88,0.0,6,0.288,-3.505,0,0.0513,94.004,0.485,rock
7.61e-05,0.197,0.956,0.00992,10,0.261,-2.908,0,0.0663,177.018,0.209,rock
0.000203,0.486,0.959,0.0259,0,0.173,-3.857,0,0.0485,84.997,0.527,rock
0.000337,0.428,0.874,0.0419,4,0.311,-6.664,0,0.128,119.708,0.261,rock
0.000291,0.475,0.953,0.00338,2,0.104,-6.951,1,0.15,118.033,0.232,rock
0.000275,0.332,0.946,0.0304,2,0.136,-6.233,1,0.127,153.091,0.303,rock
0.00801,0.53,0.95,0.205,10,0.33,-5.402,0,0.0959,112.627,0.411,rock
8.75e-05,0.59,0.963,0.000105,0,0.0781,-6.489,0,0.0676,125.033,0.586,rock
0.000137,0.52,0.975,0.826,11,0.42,-4.421,0,0.0583,154.058,0.329,rock
0.00512,0.518,0.948,0.0996,6,0.228,-5.579,0,0.0676,103.025,0.548,rock
0.000613,0.684,0.851,0.0029,9,0.535,-9.792,1,0.0407,112.662,0.512,rock
0.000233,0.266,0.925,0.0379,7,0.19,-3.75,0,0.0834,95.438,0.2,rock
9.59e-05,0.513,0.88,0.00614,7,0.0824,-4.69,0,0.0309,92.358,0.495,rock
3.19e-06,0.333,0.959,0.0563,2,0.299,-4.348,1,0.072,137.052,0.242,rock
0.000308,0.493,0.83,0.543,0,0.102,-5.983,0,0.105,137.967,0.114,rock
8.58e-06,0.364,0.935,0.729,2,0.0317,-6.548,1,0.0724,92.717,0.478,rock
7.1e-06,0.363,0.971,0.00358,5,0.0797,-2.974,0,0.0776,146.018,0.347,rock
9.92e-05,0.261,0.938,0.0106,5,0.301,-5.125,0,0.086,132.47,0.256,rock
0.000547,0.459,0.982,0.00131,11,0.131,-2.857,0,0.134,112.04,0.161,rock
6.13e-06,0.248,0.995,0.892,4,0.284,-5.499,1,0.0861,114.967,0.216,rock
3.26e-05,0.207,0.945,0.79,1,0.0947,-5.277,1,0.0787,113.254,0.0399,rock
3.94e-05,0.513,0.979,0.0877,10,0.0973,-5.086,0,0.137,132.932,0.246,rock
3.31e-05,0.53,0.903,0.182,2,0.259,-4.396,0,0.0483,129.983,0.747,rock
0.00254,0.555,0.798,1.5e-05,3,0.171,-5.658,1,0.0279,89.987,0.284,rock
6.11e-06,0.524,0.944,0.526,2,0.135,-5.73,0,0.0839,124.03,0.24,rock
0.000288,0.463,0.898,0.000236,11,0.111,-4.462,1,0.0467,129.987,0.563,rock
0.000381,0.109,0.854,0.228,2,0.197,-6.758,1,0.0871,79.958,0.134,rock
0.000697,0.292,0.818,0.00192,9,0.0544,-6.227,0,0.0413,93.924,0.19,rock
0.000339,0.103,0.859,0.168,7,0.0974,-6.107,1,0.0803,186.415,0.306,rock
0.156,0.328,0.553,0.412,6,0.0985,-6.252,1,0.0267,159.959,0.322,rock
0.000281,0.283,0.973,0.706,4,0.192,-4.006,0,0.0459,97.303,0.275,rock
0.0134,0.349,0.925,0.339,4,0.0783,-6.934,1,0.104,142.237,0.367,rock
0.0139,0.444,0.911,0.00955,11,0.0868,-6.117,0,0.0398,106.437,0.556,rock
4.96e-05,0.365,0.834,0.885,1,0.08,-7.103,1,0.0334,97.834,0.537,rock
7.01e-05,0.272,0.984,0.00345,0,0.345,-4.546,0,0.137,110.336,0.0946,rock
8.06e-05,0.513,0.995,1.13e-05,6,0.364,-3.384,0,0.165,130.97,0.0401,rock
0.000278,0.365,0.958,0.00417,1,0.459,-3.729,1,0.108,104.009,0.154,rock
1.6e-05,0.344,0.971,0.0806,1,0.0893,-4.638,1,0.106,192.117,0.108,rock
1.74e-05,0.337,0.977,0.528,7,0.0934,-4.004,1,0.145,130.113,0.108,rock
0.000149,0.538,0.984,0.787,2,0.127,-4.589,1,0.0992,123.008,0.0494,rock
9.11e-05,0.459,0.966,0.017,2,0.217,-3.985,1,0.0758,175.069,0.376,rock
0.00377,0.524,0.987,0.00314,9,0.0324,-4.494,1,0.0716,92.489,0.179,rock
5.97e-05,0.364,0.986,0.000206,1,0.122,-4.89,0,0.12,130.011,0.137,rock
7.06e-05,0.549,0.979,4.21e-06,1,0.0857,-4.086,0,0.0691,91.982,0.378,rock
6.81e-06,0.247,0.995,0.944,7,0.172,-8.27,1,0.177,124.374,0.0471,rock
1.61e-06,0.131,0.975,0.914,7,0.0862,-7.228,1,0.118,79.467,0.393,rock
4.08e-06,0.244,0.901,0.0277,7,0.0626,-9.401,1,0.102,111.467,0.176,rock
5.45e-06,0.479,0.908,0.856,0,0.0932,-5.466,0,0.0452,95.088,0.313,rock
0.00033,0.517,0.961,0.321,10,0.698,-5.314,0,0.143,104.747,0.159,rock
2.33e-06,0.418,0.835,0.766,0,0.289,-4.824,0,0.0449,104.986,0.549,rock
3.12e-05,0.545,0.977,4.38e-06,10,0.0704,-5.033,0,0.106,120.018,0.172,rock
7.31e-06,0.446,0.966,0.869,8,0.307,-5.573,1,0.0823,92.426,0.255,rock
2.79e-06,0.45,0.993,0.579,6,0.156,-4.994,1,0.139,119.865,0.118,rock
1.72e-05,0.34,0.965,0.0206,9,0.0608,-4.444,1,0.0691,107.753,0.212,rock
0.000128,0.464,0.964,0.205,6,0.324,-4.338,1,0.0603,135.078,0.585,rock
0.000159,0.413,0.969,0.344,11,0.18,-4.91,0,0.0822,75.026,0.179,rock
0.00116,0.29,0.924,0.00794,5,0.127,-5.779,0,0.0896,142.937,0.362,rock
1.62e-05,0.374,0.92,0.026,6,0.0802,-4.653,1,0.0501,191.014,0.278,rock
6.59e-05,0.506,0.967,0.41,6,0.167,-2.973,1,0.0451,129.704,0.488,rock
0.000129,0.529,0.953,0.000487,9,0.146,-4.562,1,0.0594,134.968,0.279,rock
6.05e-05,0.458,0.873,0.737,5,0.0664,-5.336,1,0.0439,164.984,0.551,rock
4.09e-05,0.262,0.991,0.204,1,0.15,-5.373,0,0.167,192.858,0.0827,rock
0.00454,0.519,0.935,0.0,7,0.0661,-5.656,0,0.0423,104.044,0.498,rock
0.000676,0.436,0.748,3.01e-06,6,0.221,-6.349,0,0.031,62.11,0.589,rock
0.000101,0.343,0.945,9.62e-06,4,0.346,-3.259,1,0.0555,176.135,0.539,rock
0.00346,0.505,0.859,0.0012,6,0.263,-5.546,0,0.0431,95.036,0.434,rock
0.00318,0.536,0.849,0.00197,0,0.104,-4.702,1,0.0616,127.002,0.305,rock
0.0257,0.404,0.97,0.0,0,0.0741,-5.853,0,0.42,95.047,0.196,rock
2.29e-05,0.454,0.942,0.0422,1,0.185,-4.9,1,0.0701,87.078,0.453,rock
0.000185,0.494,0.735,8.38e-05,0,0.086,-6.326,0,0.0348,125.042,0.359,rock
0.00969,0.442,0.779,0.000539,5,0.113,-5.392,0,0.0394,100.969,0.203,rock
0.00366,0.465,0.971,0.00375,5,0.326,-3.466,0,0.0749,156.171,0.483,rock
0.00469,0.558,0.859,0.00196,2,0.0831,-3.992,0,0.0421,127.98,0.31,rock
0.0089,0.336,0.573,0.0,2,0.102,-6.454,0,0.0303,110.336,0.0735,rock
0.0302,0.949,0.661,0.0,5,0.0454,-4.244,0,0.0572,104.504,0.76,rap
0.0371,0.78,0.768,2.34e-06,6,0.518,-4.325,0,0.238,80.063,0.507,rap
0.0622,0.548,0.847,0.0,1,0.0816,-3.237,1,0.186,171.447,0.1,rap
0.395,0.709,0.843,0.0,7,0.799,-2.66,1,0.314,148.134,0.625,rap
0.47,0.889,0.818,0.0,9,0.179,-4.639,1,0.253,96.063,0.782,rap
0.43,0.78,0.575,0.0,9,0.143,-7.247,0,0.273,84.492,0.773,rap
0.145,0.901,0.697,0.0,9,0.287,-3.439,1,0.28,93.941,0.67,rap
0.0128,0.845,0.884,2.1e-06,6,0.203,-4.506,0,0.0759,104.536,0.904,rap
0.0304,0.763,0.85,1.21e-06,7,0.371,-3.052,1,0.0417,91.519,0.761,rap
0.371,0.773,0.54,0.0,6,0.131,-7.123,1,0.103,84.115,0.322,rap
0.00239,0.801,0.91,0.000891,2,0.0737,-6.566,1,0.225,87.277,0.805,rap
0.0453,0.865,0.665,0.0,7,0.224,-6.289,1,0.073,111.113,0.331,rap
0.0293,0.872,0.723,0.0,1,0.327,-5.968,1,0.247,93.279,0.843,rap
0.0394,0.665,0.91,0.0,6,0.227,-4.682,0,0.223,84.099,0.887,rap
0.274,0.678,0.794,1.68e-06,10,0.124,-6.186,0,0.14,87.374,0.54,rap
0.0474,0.879,0.564,9.43e-06,10,0.0519,-7.682,0,0.247,93.908,0.523,rap
0.555,0.512,0.514,0.00958,11,0.126,-11.562,0,0.387,181.033,0.565,rap
0.0353,0.822,0.509,7.26e-06,8,0.771,-12.31,0,0.415,102.007,0.823,rap
0.272,0.784,0.801,0.0,7,0.3,-6.566,1,0.211,120.994,0.505,rap
0.143,0.843,0.806,0.0,4,0.0771,-5.946,0,0.269,94.948,0.613,rap
0.0555,0.746,0.978,4.11e-05,9,0.026,-5.324,1,0.0978,153.809,0.653,rap
0.16,0.816,0.775,0.00031,11,0.0543,-3.323,1,0.234,93.431,0.527,rap
0.0827,0.924,0.74,0.0,8,0.163,-1.299,1,0.0774,133.974,0.621,rap
0.0281,0.922,0.909,0.0,10,0.0856,-2.429,0,0.27,95.295,0.309,rap
0.00182,0.669,0.821,0.0,11,0.147,-4.37,0,0.29,94.895,0.684,rap
0.255,0.899,0.713,0.0,6,0.0708,-2.752,0,0.366,90.051,0.777,rap
0.0521,0.712,0.772,4.35e-06,10,0.0368,-3.024,0,0.346,84.722,0.848,rap
0.0253,0.613,0.574,3.13e-05,11,0.38,-7.961,1,0.467,125.18,0.755,rap
0.0143,0.589,0.827,0.00151,11,0.14,-2.938,1,0.384,161.978,0.386,rap
0.000282,0.908,0.621,5.39e-05,1,0.0958,-6.638,0,0.102,150.011,0.421,rap
0.00454,0.638,0.523,0.0,1,0.0842,-6.664,1,0.357,139.913,0.422,rap
0.0742,0.796,0.766,0.0,7,0.0827,-5.974,1,0.238,110.034,0.558,rap
0.0709,0.716,0.531,0.0,7,0.22,-7.355,1,0.157,71.972,0.335,rap
0.00589,0.884,0.657,0.0,6,0.154,-4.569,0,0.0977,107.059,0.489,rap
0.00625,0.693,0.445,0.000234,8,0.0899,-5.892,1,0.257,74.044,0.199,rap
0.00513,0.834,0.73,0.0,8,0.124,-3.714,1,0.222,155.008,0.446,rap
0.0847,0.841,0.728,0.0,7,0.149,-3.37,1,0.0484,130.049,0.43,rap
0.00787,0.714,0.527,0.00015,1,0.124,-5.046,1,0.0322,131.046,0.123,rap
0.0546,0.598,0.427,5.83e-06,7,0.21,-8.764,0,0.0317,76.469,0.0605,rap
0.0332,0.754,0.449,8.29e-05,7,0.552,-9.211,1,0.109,77.169,0.357,rap
0.00258,0.891,0.628,0.00019,2,0.0504,-7.863,1,0.0551,134.966,0.552,rap
0.0891,0.585,0.909,9.7e-05,8,0.119,-6.474,1,0.0707,93.372,0.758,rap
0.0589,0.835,0.626,6e-05,1,0.396,-5.833,1,0.125,91.03,0.35,rap
0.0331,0.794,0.523,0.0,8,0.156,-7.829,1,0.161,86.307,0.56,rap
0.0161,0.542,0.914,0.0,0,0.744,-4.747,0,0.113,153.993,0.576,rap
0.0056,0.617,0.716,0.0,1,0.408,-7.858,1,0.136,104.014,0.496,rap
0.0195,0.629,0.696,0.0,1,0.0554,-5.572,0,0.348,93.034,0.623,rap
0.0515,0.79,0.647,0.0,10,0.248,-5.983,0,0.136,87.999,0.654,rap
0.0122,0.587,0.62,0.0,5,0.82,-6.133,0,0.042,79.928,0.106,rap
0.145,0.367,0.665,0.0,1,0.113,-2.821,1,0.0465,148.913,0.31,rap
0.00748,0.819,0.626,0.101,10,0.167,-4.574,0,0.202,143.01,0.415,rap
0.015,0.884,0.347,7e-06,8,0.0871,-8.227,0,0.35,75.016,0.376,rap
0.0395,0.837,0.636,0.00125,1,0.342,-7.643,1,0.086,145.972,0.274,rap
0.00748,0.819,0.626,0.101,10,0.167,-4.574,0,0.202,143.01,0.415,rap
0.0102,0.833,0.434,0.0219,2,0.165,-8.795,1,0.431,150.062,0.281,rap
0.067,0.795,0.574,0.0,2,0.15,-6.903,0,0.487,142.053,0.537,rap
0.159,0.5,0.69,0.0,8,0.104,-4.448,1,0.312,180.206,0.371,rap
0.168,0.745,0.617,0.0,6,0.389,-7.22,0,0.144,125.98,0.185,rap
0.00264,0.732,0.75,0.0,11,0.109,-6.366,0,0.231,155.096,0.401,rap
0.0651,0.485,0.545,0.00547,11,0.0642,-7.924,1,0.0336,150.185,0.0385,rap
0.349,0.511,0.566,0.0,6,0.34,-7.23,0,0.2,83.903,0.218,rap
0.0769,0.671,0.529,0.000335,0,0.0856,-7.226,1,0.307,161.989,0.203,rap
0.328,0.623,0.692,0.0,2,0.153,-5.122,1,0.0504,79.899,0.566,rap
0.0533,0.878,0.619,0.0,6,0.113,-5.56,1,0.102,136.041,0.639,rap
0.0221,0.741,0.691,0.0,10,0.0476,-7.395,0,0.0672,150.087,0.892,rap
0.124,0.585,0.52,7.75e-05,5,0.131,-6.136,0,0.0713,159.798,0.129,rap
0.233,0.675,0.561,0.0,7,0.0793,-7.678,1,0.0352,130.098,0.309,rap
0.215,0.63,0.804,0.0,6,0.253,-4.183,1,0.0364,123.146,0.492,rap
0.0114,0.791,0.582,0.0,11,0.35,-7.323,0,0.286,162.991,0.443,rap
0.258,0.785,0.903,0.0,2,0.169,-4.184,1,0.21,139.98,0.565,rap
0.0138,0.785,0.62,0.0,8,0.15,-6.667,1,0.254,78.477,0.478,rap
0.0659,0.926,0.703,0.0,11,0.231,-6.337,0,0.103,125.022,0.485,rap
0.0194,0.935,0.454,0.0,1,0.0824,-7.509,1,0.375,133.073,0.357,rap
0.00534,0.95,0.59,0.0,8,0.11,-6.508,0,0.29,130.003,0.219,rap
0.0252,0.843,0.741,0.0,11,0.096,-5.609,1,0.334,168.983,0.68,rap
0.111,0.902,0.582,3.18e-06,5,0.111,-5.902,0,0.109,107.005,0.332,rap
0.017,0.923,0.604,0.0,11,0.272,-6.671,0,0.245,145.062,0.826,rap
0.0852,0.897,0.662,0.0,1,0.534,-6.903,0,0.292,112.509,0.39,rap
0.215,0.877,0.516,0.0,2,0.143,-5.426,0,0.0706,119.996,0.255,rap
0.0127,0.59,0.618,0.0,1,0.244,-5.756,1,0.334,96.459,0.153,rap
0.324,0.69,0.521,0.0,10,0.0534,-8.492,0,0.339,100.028,0.494,rap
0.149,0.837,0.364,0.0,8,0.271,-11.713,1,0.276,123.984,0.463,rap
0.0697,0.495,0.722,0.0,6,0.113,-8.108,0,0.357,175.627,0.539,rap
0.324,0.667,0.608,0.000198,1,0.426,-7.054,1,0.216,99.992,0.475,rap
0.0246,0.841,0.733,0.0,1,0.174,-5.077,1,0.142,130.009,0.284,rap
0.0651,0.797,0.844,0.0,11,0.087,-5.482,1,0.275,170.142,0.52,rap
0.0609,0.854,0.569,0.0816,5,0.1,-8.151,0,0.106,80.015,0.294,rap
0.194,0.598,0.252,0.133,2,0.0992,-15.086,1,0.0644,120.064,0.0352,rap
0.193,0.415,0.831,0.0,10,0.0768,-6.837,0,0.36,139.63,0.583,rap
0.0239,0.853,0.693,0.0,1,0.11,-6.87,1,0.275,95.967,0.662,rap
0.369,0.689,0.481,1.03e-06,10,0.0649,-7.503,1,0.0815,80.025,0.283,rap
0.0227,0.947,0.626,3.37e-06,1,0.0853,-10.106,1,0.205,100.6,0.724,rap
0.185,0.917,0.692,1.09e-05,2,0.0686,-11.665,1,0.244,111.782,0.819,rap
0.00484,0.797,0.582,2.04e-06,2,0.517,-12.97,1,0.255,105.974,0.415,rap
0.0461,0.834,0.878,0.0,8,0.334,-9.484,1,0.15,102.848,0.418,rap
0.0193,0.859,0.75,0.0,8,0.0538,-8.325,0,0.303,98.691,0.857,rap
0.0953,0.603,0.762,1.53e-05,4,0.478,-7.744,0,0.285,94.726,0.379,rap
0.19,0.888,0.632,0.0,1,0.101,-3.872,1,0.219,91.979,0.662,rap
0.00643,0.464,0.687,2.47e-06,9,0.32,-7.623,1,0.0858,91.064,0.458,rap
0.039,0.754,0.825,0.0,10,0.0744,-5.366,0,0.194,95.073,0.64,rap
0.0564,0.88,0.577,1.02e-06,10,0.201,-8.093,0,0.301,90.993,0.74,rap
0.0738,0.51,0.931,0.0,11,0.5,-3.302,1,0.337,201.932,0.533,rap
0.0957,0.884,0.679,0.00209,10,0.0289,-5.857,0,0.282,76.993,0.591,rap
0.00661,0.494,0.887,0.0,6,0.103,-4.297,0,0.398,89.554,0.548,rap
0.0295,0.491,0.956,0.0,11,0.46,-1.538,1,0.392,173.585,0.811,rap
0.283,0.741,0.718,2.21e-06,7,0.23,-5.823,1,0.415,165.848,0.576,rap
0.0146,0.763,0.786,0.0114,10,0.0817,-6.472,0,0.229,93.857,0.504,rap
0.125,0.813,0.703,1.26e-06,11,0.237,-5.077,0,0.268,94.828,0.241,rap
0.304,0.849,0.521,1.65e-06,11,0.115,-12.999,0,0.216,95.265,0.763,rap
0.33,0.798,0.744,0.000106,7,0.292,-5.328,0,0.136,82.356,0.794,rap
0.031,0.934,0.735,8.6e-06,1,0.107,-6.668,1,0.251,101.368,0.768,rap
0.0977,0.747,0.52,0.0537,10,0.142,-10.523,0,0.0357,92.869,0.601,rap
0.00864,0.906,0.623,4.19e-06,1,0.0753,-6.711,0,0.303,99.498,0.715,rap
0.443,0.82,0.809,0.00175,4,0.0613,-6.759,0,0.251,83.011,0.737,rap
0.0043,0.658,0.551,0.000108,1,0.197,-6.62,1,0.37,138.335,0.442,rap
0.533,0.797,0.75,0.108,0,0.095,-9.369,1,0.247,177.87,0.74,rap
0.0778,0.884,0.677,0.0,1,0.0732,-5.603,1,0.283,101.868,0.584,rap
0.0311,0.904,0.813,0.00697,4,0.0471,-7.105,0,0.121,125.461,0.81,rap
0.0393,0.535,0.505,0.0,2,0.0923,-8.926,0,0.245,99.935,0.495,rap
0.245,0.544,0.428,0.0,10,0.0899,-13.392,0,0.514,89.129,0.524,rap
0.137,0.681,0.505,0.0,1,0.234,-11.709,1,0.138,89.953,0.399,rap
0.039,0.758,0.957,0.0,7,0.133,-2.281,1,0.0357,111.121,0.966,rap
0.151,0.729,0.442,0.0,11,0.189,-8.108,0,0.285,81.029,0.757,rap
0.00304,0.812,0.6,7.79e-06,7,0.173,-9.414,1,0.253,97.338,0.557,rap
0.184,0.866,0.534,0.266,11,0.0929,-9.201,1,0.229,98.243,0.841,rap
0.112,0.795,0.596,0.000176,2,0.111,-14.003,1,0.342,101.78,0.618,rap
0.0336,0.867,0.679,1.59e-06,10,0.0742,-12.028,0,0.207,101.293,0.68,rap
0.0291,0.897,0.611,0.186,11,0.0894,-10.489,1,0.211,102.304,0.769,rap
0.0103,0.803,0.578,0.812,1,0.199,-13.264,1,0.182,92.175,0.499,rap
0.0553,0.811,0.823,4.52e-06,4,0.158,-5.921,0,0.0423,106.929,0.827,rap
0.0326,0.848,0.838,4.89e-06,4,0.124,-11.949,0,0.0721,97.736,0.787,rap
0.102,0.862,0.642,0.0,6,0.272,-13.652,0,0.101,99.2,0.765,rap
0.0646,0.876,0.71,0.00308,11,0.918,-12.908,1,0.347,98.312,0.725,rap
0.097,0.814,0.481,3.83e-05,0,0.0495,-5.183,1,0.245,96.252,0.193,rap
0.0025,0.979,0.792,7.71e-06,2,0.102,-2.784,1,0.0388,116.012,0.583,rap
0.00449,0.867,0.517,0.000343,11,0.0864,-13.22,0,0.088,133.149,0.862,rap
0.000507,0.943,0.685,8.56e-06,7,0.0604,-11.903,1,0.188,125.515,0.813,rap
0.00203,0.914,0.586,1.58e-06,6,0.0992,-8.435,0,0.33,116.371,0.655,rap
0.022,0.734,0.864,9.85e-06,2,0.246,-6.119,1,0.303,105.932,0.47,rap
0.032,0.324,0.938,0.0321,6,0.0961,-7.332,0,0.102,168.131,0.543,rap
0.122,0.712,0.691,0.0,8,0.0538,-8.157,1,0.128,97.022,0.742,rap
0.0174,0.761,0.711,0.000101,9,0.0652,-7.989,1,0.0604,105.448,0.947,rap
0.00131,0.965,0.857,0.0,11,0.0726,-8.458,0,0.17,127.656,0.951,rap
0.124,0.794,0.95,7.71e-05,1,0.133,-8.78,1,0.294,94.984,0.324,rap
0.0314,0.791,0.759,0.674,10,0.255,-7.378,0,0.129,102.382,0.619,rap
0.00464,0.916,0.662,0.00346,9,0.138,-16.404,0,0.605,135.65,0.406,rap
0.126,0.904,0.577,0.0,1,0.115,-7.293,1,0.132,102.693,0.7,rap
0.0343,0.813,0.693,0.0,10,0.121,-8.0,0,0.266,103.508,0.618,rap
0.0633,0.781,0.526,0.0,6,0.0457,-6.986,0,0.293,94.993,0.665,rap
0.0267,0.633,0.927,0.0,2,0.0986,-4.468,1,0.0839,146.097,0.88,rap
0.0244,0.746,0.873,0.0,7,0.354,-3.803,1,0.128,148.075,0.817,rap
0.00256,0.618,0.717,0.0,7,0.625,-5.738,1,0.318,190.05,0.603,rap
0.0278,0.576,0.766,1.71e-06,10,0.366,-4.943,0,0.449,144.836,0.236,rap
0.0611,0.926,0.666,0.0,11,0.123,-5.314,1,0.244,127.079,0.168,rap
0.242,0.865,0.687,0.0,10,0.158,-3.744,0,0.217,139.023,0.486,rap
0.0859,0.908,0.633,2.31e-06,2,0.106,-5.145,1,0.183,145.914,0.395,rap
0.307,0.92,0.675,0.0,1,0.104,-5.661,0,0.263,141.967,0.749,rap
0.188,0.845,0.631,0.0,7,0.0806,-8.206,0,0.216,111.983,0.545,rap
0.0247,0.796,0.586,0.0,4,0.132,-6.946,0,0.147,97.981,0.179,rap
0.0556,0.958,0.626,0.0,8,0.329,-5.274,1,0.0586,127.012,0.457,rap
0.0428,0.667,0.581,0.0,0,0.183,-5.164,0,0.323,110.953,0.368,rap
0.194,0.729,0.625,0.00986,4,0.248,-5.266,1,0.0315,146.034,0.261,rap
0.0608,0.876,0.662,0.0,2,0.127,-6.482,0,0.426,75.445,0.844,rap
0.189,0.769,0.787,0.0,11,0.129,-3.909,1,0.367,126.77,0.836,rap
0.247,0.746,0.69,0.0,11,0.101,-7.956,1,0.164,89.977,0.497,rap
0.104,0.896,0.586,0.0,10,0.79,-6.687,0,0.0559,116.971,0.642,rap
0.269,0.831,0.499,0.0,11,0.3,-8.442,0,0.114,97.956,0.511,rap
0.25,0.8,0.658,0.0,1,0.111,-6.142,0,0.079,140.042,0.462,rap
0.174,0.701,0.716,0.0,7,0.324,-3.671,0,0.0361,91.007,0.732,rap
0.207,0.774,0.554,0.0,0,0.132,-7.909,1,0.0383,99.034,0.349,rap
0.0204,0.745,0.642,0.0,7,0.0658,-6.257,0,0.287,179.974,0.226,rap
0.185,0.686,0.561,0.0,10,0.114,-9.929,0,0.191,148.775,0.186,rap
0.354,0.567,0.515,0.0,6,0.078,-10.265,0,0.247,120.1,0.321,rap
0.451,0.907,0.393,1.35e-06,4,0.135,-7.636,0,0.0539,104.949,0.202,rap
0.212,0.548,0.805,0.000405,7,0.408,-5.732,1,0.351,142.096,0.649,rap
0.0138,0.63,0.724,6.92e-05,2,0.196,-5.543,1,0.105,143.024,0.237,rap
0.114,0.823,0.586,0.0,6,0.193,-6.606,0,0.2,125.971,0.347,rap
0.0221,0.49,0.618,3.77e-06,1,0.259,-5.655,1,0.104,99.7,0.286,rap
0.65,0.709,0.548,1.59e-06,10,0.133,-8.493,1,0.353,83.995,0.543,rap
0.00815,0.688,0.647,1.65e-05,2,0.095,-7.258,1,0.19,88.834,0.195,rap
